classifier,nsig,accuracy,f1,precision,recall,roc_auc
tree,0.1,0.8649598803209575,0.8658010470813444,0.8656199388846447,0.8683720930232559,0.8649179206566349
tree,0.11,0.8604651162790697,0.8610579041862806,0.8592808114091073,0.8639534883720931,0.8604651162790697
tree,0.12,0.8616279069767442,0.8632109178026,0.8550486189906531,0.8732558139534884,0.8616279069767442
tree,0.13,0.8523255813953489,0.8524561957027851,0.8542871563558935,0.8523255813953489,0.8523255813953489
tree,0.14,0.8552325581395348,0.8541176230804679,0.860662486322769,0.8488372093023255,0.8552325581395348
tree,0.15,0.8703488372093023,0.8696826882167882,0.8747445696690817,0.8651162790697674,0.8703488372093023
tree,0.16,0.8796511627906977,0.8795171869488707,0.8827911250594056,0.8767441860465116,0.8796511627906977
tree,0.17,0.8843023255813953,0.8846365432538326,0.884121920236068,0.8860465116279069,0.8843023255813953
tree,0.18,0.8761627906976746,0.876468216891521,0.8742317477117986,0.8802325581395349,0.8761627906976743
tree,0.19,0.872093023255814,0.873977625951866,0.8619702805790643,0.8872093023255815,0.872093023255814
tree,0.2,0.8697674418604651,0.8717611665811761,0.8582007330001064,0.8860465116279072,0.8697674418604651
tree,0.21,0.8837209302325582,0.8833580499851876,0.8872704866048216,0.8802325581395349,0.8837209302325582
tree,0.22,0.8738372093023254,0.8743004423764933,0.8691632376759515,0.8802325581395349,0.8738372093023254
tree,0.23,0.8831395348837209,0.8832483742928787,0.8812893307242315,0.8860465116279069,0.8831395348837209
tree,0.24,0.8847613219094248,0.8847489382778726,0.8865015281739833,0.8835978112175102,0.8847811217510261
tree,0.25,0.878937168502652,0.8785563371326323,0.8801321276317733,0.8777291381668947,0.8789192886456909
tree,0.26,0.8870835033319733,0.8873595845944615,0.8861111814958432,0.8893980848153216,0.8870725034199726
tree,0.27,0.9027879776961786,0.9027636895366319,0.902957935191951,0.9033515731874147,0.9027838577291382
tree,0.28,0.8899768801849586,0.8895970910697895,0.8913818909887509,0.8893160054719564,0.8899384404924762
tree,0.29,0.8952196382428941,0.8959711831641151,0.8917613147261159,0.9010259917920658,0.8952120383036937
tree,0.3,0.8946212430300557,0.8955847550559135,0.8905514894972326,0.9010670314637483,0.894610123119015
tree,0.31,0.8882122943016455,0.88807967891706,0.8908115356161806,0.8859097127222982,0.8881874145006841
tree,0.32,0.8870971032231741,0.8876498514470621,0.8839679627650364,0.8917510259917922,0.887093023255814
tree,0.33,0.8894124847001225,0.88948787464322,0.8916016798409355,0.8882489740082079,0.8894186046511627
tree,0.34,0.8911600707194343,0.8923342786803621,0.8845012187403993,0.9010533515731876,0.891169630642955
tree,0.35,0.8893852849177206,0.8893097827595751,0.8900932566679203,0.8894117647058823,0.8894186046511627
tree,0.36,0.8824051407588739,0.8820119930717224,0.8843605465707363,0.8800410396716826,0.8823939808481531
tree,0.37,0.8870835033319734,0.8868054714161756,0.8897665140956565,0.8846922024623805,0.8870656634746922
tree,0.38,0.8923058615531076,0.8918106553887839,0.8960595068327745,0.8881942544459646,0.8922708618331054
tree,0.39,0.8946212430300559,0.8937261542602206,0.9035999930521857,0.885923392612859,0.894610123119015
tree,0.4,0.8952162382700939,0.8947522406530514,0.8993963541520488,0.8905335157318742,0.8952120383036937
tree,0.41,0.8911498708010337,0.8911090481509373,0.8924722187697611,0.8906019151846785,0.891169630642955
tree,0.42,0.8818441452468381,0.8822690151137088,0.8814134358755524,0.8847606019151847,0.8818536251709986
tree,0.43,0.8847545219638242,0.8857943841476217,0.8784160265479007,0.8940629274965801,0.8847606019151847
tree,0.44,0.8783557731538147,0.8779271211602028,0.8844282530837152,0.8742954856361148,0.8783789329685362
tree,0.45,0.8864919080647354,0.8865747831868577,0.8867570914812216,0.8870998632010944,0.8864705882352941
tree,0.46,0.889983680130559,0.8898803750658913,0.8903988625258551,0.8905608755129959,0.8899931600547196
tree,0.47,0.8824119407044744,0.8826369564752674,0.8811418727342201,0.884733242134063,0.8824076607387141
tree,0.48,0.8870835033319733,0.8871098730152317,0.8908289394096329,0.8847879616963065,0.8870725034199726
tree,0.49,0.8795083639330885,0.8806419995529764,0.8727417676893717,0.8894254445964431,0.8794938440492477
tree,0.5,0.8760267917856657,0.8763113620946481,0.8769532498694342,0.8777975376196989,0.8760738714090287
tree,0.51,0.8800999592003265,0.881883606928818,0.8728407343953396,0.8929411764705882,0.8801231190150478
tree,0.52,0.8754249966000274,0.8752399339778936,0.8808192977589441,0.8708344733242134,0.875437756497948
tree,0.53,0.8876376988984088,0.8864071820331724,0.8972041651074598,0.8765937072503419,0.8876607387140902
tree,0.54,0.8835883312933497,0.8835889766487043,0.8843744784339813,0.8836251709986319,0.8835841313269492
tree,0.55,0.8760301917584659,0.8751271485343489,0.8829263904037467,0.868454172366621,0.8760396716826266
tree,0.56,0.8765809873521011,0.8762381350802272,0.8806466768786356,0.8731326949384405,0.8765868673050615
tree,0.57,0.86671766625867,0.8654122007560906,0.8741715459841103,0.8579890560875512,0.8667168262653899
tree,0.58,0.874265605875153,0.8744579758675941,0.8738078582347507,0.8766073871409029,0.874247606019152
tree,0.59,0.8725112199102408,0.8715417008948864,0.8782999904671975,0.8661149110807113,0.8724965800273597
tree,0.6,0.8771827825377396,0.8768374878839019,0.8779044262838817,0.8766210670314637,0.8771956224350204
tree,0.61,0.8729226166190671,0.8740366219433143,0.8684431632334005,0.8811354309165527,0.8729411764705881
tree,0.62,0.8670950632394941,0.8666185881378012,0.8710751077080016,0.8648016415868673,0.8671614227086183
tree,0.63,0.8781653746770026,0.877789659478126,0.8793452512385578,0.8776470588235294,0.8782421340629275
tree,0.64,0.8717598259213926,0.8706583089447776,0.8761734299246544,0.8658960328317373,0.8717510259917921
tree,0.65,0.8560349517203862,0.8570095463251775,0.8508545012161705,0.8636798905608755,0.8560738714090288
tree,0.66,0.87046783625731,0.8689550647677979,0.8773277820079957,0.8633926128590972,0.8704582763337892
tree,0.67,0.8762681898544813,0.8759106878161523,0.8796380938675531,0.8739671682626537,0.8763132694938441
tree,0.68,0.8797973616211069,0.8785748570067279,0.8911395355775044,0.8680984952120383,0.8798221614227086
tree,0.69,0.8798041615667074,0.8801780414639913,0.8759255400857218,0.8855266757865937,0.8797332421340629
tree,0.7,0.8897218822249423,0.8896100605060855,0.8920763272478037,0.8879890560875513,0.8897058823529411
tree,0.71,0.8757003943968448,0.8755890602430048,0.8777400310250917,0.8750615595075241,0.8756566347469221
tree,0.72,0.8562899496804025,0.8549562992916963,0.8603467395522969,0.850328317373461,0.85625170998632
tree,0.73,0.8738032095743234,0.8733898667666763,0.8775228816350292,0.8702325581395348,0.8737688098495212
tree,0.74,0.8597919216646266,0.8588504814346726,0.8646559447406432,0.8539398084815322,0.8597742818057454
tree,0.75,0.8609921120631034,0.8599749660311783,0.8667985836893809,0.8538987688098494,0.8609644322845418
tree,0.76,0.8755983952128383,0.8746533399284873,0.8785879983135884,0.8725718194254446,0.8755882352941174
tree,0.77,0.853984768121855,0.8519791677925129,0.8620760114359886,0.8433242134062928,0.8539124487004104
tree,0.78,0.8674146606827146,0.8665539299612902,0.8699563563630741,0.8654993160054719,0.8672982216142271
tree,0.79,0.8563001495988031,0.8574790424148532,0.853918457627245,0.8621340629274966,0.8562585499316006
tree,0.8,0.8639092887256903,0.862750752852888,0.8682290749649949,0.8585225718194256,0.8638235294117648
tree,0.81,0.8673636610907112,0.8670017928074832,0.8684342616483329,0.8667168262653899,0.8673119015047879
tree,0.82,0.8749694002447981,0.8754368037473712,0.871040319998596,0.8807934336525307,0.8749042407660739
tree,0.83,0.8639126886984905,0.863426513690103,0.86834104305727,0.8597400820793434,0.8638850889192886
tree,0.84,0.8619883040935672,0.8613619866416077,0.865181953644784,0.8598084815321478,0.8620998632010943
tree,0.85,0.8649122807017544,0.8645957731781613,0.8666064419384314,0.8632010943912449,0.8649863201094391
tree,0.86,0.8565565875472995,0.8578504210365947,0.8536070700111246,0.8641313269493844,0.8564979480164159
tree,0.87,0.8562504299965601,0.8565851273284389,0.8576122585392456,0.8568262653898768,0.8562038303693571
tree,0.88,0.8636773305813552,0.8625636074794361,0.8680874708934034,0.8578385772913817,0.8636798905608755
tree,0.89,0.8624767801857585,0.8625908871272824,0.8608322520675926,0.864829001367989,0.8624692202462381
tree,0.9,0.8519676642586861,0.8520032274784721,0.8530242374481917,0.851983584131327,0.8519767441860466
tree,0.91,0.8580508179603201,0.8576540606962031,0.8604893599142965,0.856358543417367,0.858095238095238
tree,0.92,0.8614792899408285,0.860846029878604,0.8658635297495035,0.8573669467787115,0.8615126050420168
tree,0.93,0.8696449704142012,0.8702112572434025,0.8700087052988182,0.8714285714285713,0.8695798319327732
tree,0.94,0.8614340410720501,0.8596718820122717,0.8677028024801409,0.853781512605042,0.8614565826330531
tree,0.95,0.8611033762617474,0.8599340997305539,0.867553135965044,0.853375350140056,0.8611274509803921
tree,0.96,0.8652245040027846,0.8649461426473263,0.8667159820382345,0.8640336134453781,0.8652521008403362
tree,0.97,0.8557918552036199,0.854438250436307,0.8638513722444383,0.8463725490196078,0.8558473389355742
tree,0.98,0.8557988165680473,0.85729263293002,0.8499273111786534,0.8652100840336134,0.8557983193277312
tree,0.99,0.8480995475113122,0.8472682750049618,0.8526891786291084,0.8427731092436975,0.8480742296918768
tree,1.0,0.8629895745280362,0.8627169519799753,0.8655332843693347,0.8613025210084034,0.8629971988795517
tree,1.01,0.844590025359256,0.8428777694682239,0.8519464882297146,0.8351540616246498,0.8445868347338935
tree,1.02,0.8636341222879684,0.8624871467187345,0.8690064039373686,0.8564985994397759,0.8636064425770307
tree,1.03,0.8535714285714284,0.8535741830821962,0.8537817884319969,0.8547619047619047,0.8535714285714284
tree,1.04,0.8556315939549473,0.8556982323135504,0.853123675502211,0.8592656339644291,0.8556511761331038
tree,1.05,0.8516894781864842,0.8519616197561437,0.8495369338359374,0.855364314400459,0.8517713711990821
tree,1.06,0.8482973811413318,0.8469195915683754,0.853981850412836,0.8405192197360872,0.8483362019506598
tree,1.07,0.8523519226607028,0.8521540103137054,0.8514660114293342,0.853542742398164,0.8523164084911073
tree,1.08,0.8515294711781257,0.8501701980628915,0.8580606453514431,0.8437751004016064,0.8516064257028113
tree,1.09,0.849722242262463,0.8493372684525164,0.8525635805204775,0.8473752151462994,0.8497274813539875
tree,1.1,0.852626073154895,0.8512110761411634,0.857768310522103,0.8460126219162364,0.8526104417670682
tree,1.11,0.8633734939759036,0.8627422123074618,0.8649059374473216,0.8621951219512196,0.8633632089332941
tree,1.12,0.8639686016794451,0.8646233152238783,0.8616702953642044,0.8694534234498972,0.8639729650308551
tree,1.13,0.8632018985031034,0.8612290940219243,0.8737019658388228,0.8499412283279459,0.8632897443432267
tree,1.14,0.8587878787878788,0.859519346092763,0.8585098702857351,0.8617690273288275,0.8587863649720834
tree,1.15,0.8474944567627494,0.8473406730476493,0.8466211067011014,0.8493682045254187,0.8475242433147224
tree,1.16,0.8531966001478196,0.8528096239850237,0.8570595719960352,0.8501763150161622,0.8531663238319129
tree,1.17,0.8583719886278617,0.857940376015114,0.860621048944792,0.8559168925022584,0.8583634447455586
tree,1.18,0.8506396827771958,0.8477642554954503,0.8643838510541577,0.8335140018066847,0.8506398675097863
tree,1.19,0.8527607361963192,0.8538629493191534,0.8505508394181666,0.8588828666064439,0.8527702499247216
tree,1.2,0.8515791865485118,0.8503356697207385,0.8568448241214426,0.8447907256850347,0.8515206263173744
tree,1.21,0.8580246913580247,0.8571071763836533,0.8609242739173142,0.8543209876543211,0.8580246913580247
tree,1.22,0.847987117552335,0.8484244460990371,0.8468290418267619,0.8517438271604938,0.8480092592592593
tree,1.23,0.8401541292845641,0.8393053147147379,0.8433483519255525,0.8365432098765432,0.8401543209876543
tree,1.24,0.8492676941952304,0.8487742352063853,0.8502609405846373,0.8486419753086419,0.8492669753086419
tree,1.25,0.8451591614906832,0.8441950234892082,0.8507913105968627,0.838287037037037,0.8451080246913578
tree,1.26,0.8539246894409939,0.8530679540498276,0.8583034052405439,0.8489043209876543,0.8539351851851851
tree,1.27,0.8429363207547169,0.8420562900977586,0.8474199451403095,0.8390981012658228,0.842871835443038
tree,1.28,0.8453427274898495,0.8449599667502173,0.8473158949071393,0.8434493670886075,0.8453639240506329
tree,1.29,0.8492179311456904,0.8501020175580638,0.8456344916913879,0.8555501460564752,0.8492210321324245
tree,1.3,0.8291219866161412,0.8264084973308314,0.8380492368695815,0.8170236936059722,0.8290652385589095
tree,1.31,0.860958680385432,0.8599971270267549,0.8637045370420855,0.8585524180460888,0.8610759493670885
tree,1.32,0.8531193859219337,0.8543300815783541,0.8485506987509426,0.8608081791626094,0.8531645569620252
tree,1.33,0.8518944961620122,0.8521823611990085,0.8478691342131489,0.8582927620902303,0.8518825056799739
tree,1.34,0.846553976808754,0.8426838523568227,0.8605983493157288,0.8273774748458292,0.8465757870821162
tree,1.35,0.8512820512820513,0.8513667114175053,0.8535056306543641,0.8512820512820513,0.8512820512820513
tree,1.36,0.8361207609594705,0.8352324211863069,0.8393030861549204,0.8328671328671329,0.8360889110889111
tree,1.37,0.847940446650124,0.8458735091698919,0.8595707568280471,0.8349983349983351,0.8479770229770229
tree,1.38,0.8382697947214076,0.8407100870709614,0.8269834736003471,0.8576257076257076,0.8382700632700633
tree,1.39,0.8331168831168831,0.8317510443693248,0.8392073960577526,0.825974025974026,0.8331168831168831
tree,1.4,0.8550505050505051,0.8535871898686131,0.8628620616755773,0.8452494873547505,0.8550324675324674
tree,1.41,0.8366013071895425,0.8370504210936511,0.8359972910845004,0.8392515379357486,0.836637047163363
tree,1.42,0.8546052631578949,0.8538052558489682,0.8582694418753893,0.85,0.8546052631578949
tree,1.43,0.836205995120251,0.835413949577162,0.8396663211365132,0.8336315789473684,0.8362719298245613
tree,1.44,0.841055187637969,0.8388581144996434,0.849263473947332,0.8297543859649122,0.841061403508772
tree,1.45,0.8348432671081676,0.8340407493552678,0.8381926736949072,0.8309298245614034,0.8348947368421052
tree,1.46,0.8417941834451901,0.8417094805321204,0.8419703866276906,0.8424684684684685,0.8418018018018018
tree,1.47,0.8324116331096196,0.8306360434009799,0.8376750912624067,0.8256216216216217,0.8323513513513513
tree,1.48,0.8579766007618357,0.8578331415089406,0.8580817754365228,0.8599639639639639,0.857918918918919
tree,1.49,0.8351351351351353,0.8356479034123115,0.8367690758126056,0.835135135135135,0.835135135135135
tree,1.5,0.8428571428571429,0.8424882282074024,0.8482423251731473,0.840633098852277,0.8426416142169566
rf,0.1,0.9022065823473412,0.9043511963317854,0.8873187422612782,0.923091655266758,0.9597407183533229
rf,0.11,0.9017441860465117,0.9043611999766782,0.8835563539499229,0.9267441860465118,0.9612425635478636
rf,0.12,0.9046511627906977,0.9067105384156913,0.8888881557738804,0.9255813953488374,0.9609451054624121
rf,0.13,0.8959302325581394,0.8983360843009367,0.879463869531877,0.9186046511627908,0.9604313142239048
rf,0.14,0.905232558139535,0.9074216705893298,0.8892732674517289,0.9267441860465115,0.9613236884802596
rf,0.15,0.9087209302325581,0.910216811079775,0.898060367134011,0.9232558139534885,0.9621011357490534
rf,0.16,0.9122093023255815,0.9139425839767583,0.8986255905776922,0.930232558139535,0.9618645213628989
rf,0.17,0.905232558139535,0.9071152187995404,0.8909602102803479,0.9244186046511629,0.962378312601406
rf,0.18,0.9098837209302326,0.9113765871020743,0.8983016574355343,0.9255813953488374,0.9633112493239591
rf,0.19,0.9058139534883722,0.9076066398171567,0.8932930701416215,0.9232558139534884,0.9625473228772309
rf,0.2,0.9081395348837209,0.909625622702895,0.8952866038913152,0.9255813953488374,0.9645889670091942
rf,0.21,0.905232558139535,0.9066071397357305,0.8936657866199397,0.9209302325581398,0.9657179556517036
rf,0.22,0.9087209302325581,0.9098250104444574,0.8996313011139145,0.9209302325581398,0.9666373715521903
rf,0.23,0.9069767441860466,0.9083913971250943,0.8953835285063217,0.9220930232558141,0.966901027582477
rf,0.24,0.9126784985720114,0.9138647509163901,0.9006287417502532,0.9278385772913816,0.9676306747685552
rf,0.25,0.9138242894056848,0.9146872294032524,0.9046070521511144,0.9254719562243503,0.9683355072694301
rf,0.26,0.9150108799129606,0.9161445415327064,0.9076718062252853,0.9254993160054721,0.9715027996055101
rf,0.27,0.918502651978784,0.9193665596370553,0.9106293033229627,0.9289603283173735,0.9720789456940157
rf,0.28,0.9237420100639195,0.9242013719612835,0.9175846319445512,0.931326949384405,0.9746607864346387
rf,0.29,0.9220012239902081,0.9226994077527084,0.9173694227314746,0.9289876880984952,0.9753579836477586
rf,0.3,0.9150108799129608,0.9155656466941385,0.91059165433735,0.9208344733242134,0.9731941749117169
rf,0.31,0.9179178566571468,0.9186137470137536,0.9139016550535543,0.9243502051983585,0.9741978175802501
rf,0.32,0.921436828505372,0.9220461106063771,0.915854120498745,0.9289740082079344,0.9739289122896319
rf,0.33,0.9179348565211477,0.9187582268697619,0.9105870414355042,0.9278248974008209,0.9740816975789774
rf,0.34,0.9225996192030463,0.923235089539203,0.9197154927395035,0.9278385772913819,0.9739651003722203
rf,0.35,0.9161940704474365,0.9166982878638594,0.9134580128258287,0.9208618331053353,0.9722443769287054
rf,0.36,0.919094247246022,0.9197430831068468,0.9144587980723445,0.925512995896033,0.9722571819425445
rf,0.37,0.9226030191758466,0.9230413571044055,0.9185705736348183,0.9278385772913816,0.9730907803900359
rf,0.38,0.9248980008159935,0.925766942472068,0.9172195622690518,0.9348153214774282,0.9741364171412211
rf,0.39,0.9225724194206444,0.9232914640745207,0.9161637033839133,0.931326949384405,0.9748072089841886
rf,0.4,0.925486196110431,0.9263371092753354,0.9176591678827488,0.9359644322845417,0.9729417332103203
rf,0.41,0.917921256629947,0.918876620164211,0.9119277527933995,0.9266621067031464,0.9733757515986383
rf,0.42,0.9260675914592682,0.9266908410321664,0.9226983489436751,0.9313132694938441,0.9731391372124836
rf,0.43,0.9196620427036584,0.9203409884468682,0.9133469086053289,0.9278248974008209,0.9725960773709159
rf,0.44,0.9161906704746363,0.9168774472255967,0.913654080371568,0.9220383036935704,0.9734476505583306
rf,0.45,0.9214198286413708,0.9218168896249563,0.9184551198808194,0.9254993160054721,0.9714943689752807
rf,0.46,0.9161940704474365,0.9165949565917344,0.9132778010406553,0.9208755129958961,0.9719096968154487
rf,0.47,0.9126920984632122,0.9136076150633446,0.9059245960866436,0.9220109439124489,0.9708157827760633
rf,0.48,0.9161838705290359,0.9169971108789848,0.9106675825675603,0.9243365253077978,0.9706256959246652
rf,0.49,0.9219876240990071,0.9222538817166284,0.921743547013017,0.9231737346101232,0.9695281233098972
rf,0.5,0.9167652658778731,0.9175163616675789,0.9104924277325747,0.9254993160054721,0.9708607196258707
rf,0.51,0.9173602611179111,0.9178438466514116,0.9161000891544896,0.9208481532147743,0.9696576845989882
rf,0.52,0.9173500611995105,0.9180811322923054,0.9160290861375906,0.9208618331053353,0.9695658225431872
rf,0.53,0.9138548891608866,0.9141633103169244,0.9115441121207672,0.917373461012312,0.9693638055546717
rf,0.54,0.915017679858561,0.9157476033439759,0.9101875765017307,0.9220109439124486,0.9688028505074284
rf,0.55,0.917951856385149,0.9183246091298507,0.916452982427989,0.9208481532147743,0.9676487290427257
rf,0.56,0.9161668706650345,0.9169957460897284,0.9134984880021791,0.9220109439124489,0.9698219228199664
rf,0.57,0.9115259077927377,0.9121223118362888,0.9077464066968923,0.917373461012312,0.9705458435402285
rf,0.58,0.9202672378620971,0.920608135767161,0.9172891766848137,0.9243502051983585,0.9687024782871504
rf,0.59,0.9126818985448116,0.9131059653290666,0.9108547836931351,0.9162106703146374,0.9672421499697771
rf,0.6,0.9138684890520876,0.9141605624200706,0.9118915530668545,0.917373461012312,0.9659284828046957
rf,0.61,0.9137358901128791,0.9140661530716401,0.9113907100664829,0.9172777017783857,0.9659987115451913
rf,0.62,0.9108119135046918,0.9107705252697584,0.912101836909456,0.9102872777017785,0.9659028727770178
rf,0.63,0.9119781041751664,0.91257310625647,0.9087819821946193,0.9172777017783857,0.9648810167658194
rf,0.64,0.9096457228342173,0.9091340006237024,0.9123406551261926,0.9068125854993161,0.965118346960201
rf,0.65,0.9067285461716306,0.9065816411442137,0.9082993922872203,0.9056224350205199,0.9642724207043554
rf,0.66,0.9089793281653746,0.908849027806777,0.9108064757566211,0.9077701778385773,0.9664266057964561
rf,0.67,0.9072181422548621,0.9070573012124225,0.911693869633026,0.9042544459644324,0.9683200776254255
rf,0.68,0.9031211750305997,0.9029739955785028,0.9060681261075478,0.9007523939808483,0.9631992651035535
rf,0.69,0.9025567795457636,0.9018866948453572,0.9071952947950201,0.897264021887825,0.9651643972894728
rf,0.7,0.9048823609411125,0.9049030222317009,0.9056978767131181,0.9054309165526677,0.9652559412082844
rf,0.71,0.8996192030463757,0.8990646452356643,0.9039566305332117,0.8949384404924761,0.9626965291254412
rf,0.72,0.9018461852305182,0.9012238471652699,0.9032116912466257,0.9005745554035569,0.9629140552922089
rf,0.73,0.9012545899632801,0.9009788222663431,0.9068571497171479,0.8959644322845419,0.9615467820443483
rf,0.74,0.900686794505644,0.9003196934773505,0.9024269464439427,0.8994117647058824,0.9621281773931853
rf,0.75,0.8989494084047326,0.8986815323011459,0.8996827726046893,0.8983173734610125,0.9597334012025577
rf,0.76,0.8942880456956346,0.8938149608669457,0.8984250259799161,0.8901367989056089,0.9597469220246237
rf,0.77,0.9024615803073575,0.9013452708389137,0.9094265731174991,0.8947332421340631,0.9611051283682753
rf,0.78,0.8942540459676322,0.8939793910660898,0.8942364246258006,0.8947469220246239,0.9584978366684694
rf,0.79,0.8960220318237454,0.8955570342036072,0.9024489528111292,0.8912585499316007,0.9592496739095854
rf,0.8,0.8966238270093839,0.8957354617173443,0.9000236143722692,0.8923666210670316,0.9578881271275412
rf,0.81,0.8971848225214198,0.8965337900508004,0.9028763025853687,0.8912722298221615,0.9596703305443324
rf,0.82,0.8948354413164694,0.8941215377663936,0.9004524115848154,0.8889056087551301,0.9577113224954665
rf,0.83,0.8942540459676322,0.8937245092658493,0.896598043135134,0.8911764705882353,0.9574902172875641
rf,0.84,0.8900584795321637,0.8896206333692593,0.8928930923524485,0.8877564979480164,0.9583447332421342
rf,0.85,0.8947368421052632,0.893718488924009,0.9009030675128255,0.8877838577291381,0.9596580027359781
rf,0.86,0.8963639490884073,0.8960997608193437,0.9011546986248344,0.8922298221614227,0.9590049891365575
rf,0.87,0.8937839697282423,0.8936442574508643,0.8946771556109466,0.8932421340629275,0.9573193852096242
rf,0.88,0.898328173374613,0.8983684076621496,0.8994787760407444,0.8977564979480166,0.9571914379979077
rf,0.89,0.8942208462332302,0.8941589058807831,0.8948083336098727,0.8942407660738715,0.9571414661623884
rf,0.9,0.888376332989336,0.8876635942931411,0.8917221617954066,0.8848290013679891,0.9561409833427215
rf,0.91,0.8945945005221023,0.8945249051862223,0.8973410848040603,0.8928571428571429,0.9592460042840665
rf,0.92,0.8921092934215105,0.8916868127855858,0.8956160717550821,0.8891736694677871,0.9587786290986984
rf,0.93,0.895046989209885,0.8945512168269127,0.898394802102095,0.8915406162464986,0.9577157686604053
rf,0.94,0.8920884093282282,0.8921583332782059,0.8921652156018286,0.892703081232493,0.9578483275663204
rf,0.95,0.895986773407588,0.8963019708027886,0.8939636947694222,0.8995098039215685,0.9598481627945296
rf,0.96,0.8924121127741037,0.8925196156809483,0.8930929688947844,0.8924649859943978,0.9585042016806723
rf,0.97,0.8959693699965193,0.8956665851971962,0.9008993060868594,0.8912745098039215,0.9573857307628935
rf,0.98,0.8948068221371388,0.8942577781558011,0.9039144599022799,0.886470588235294,0.9564178612621518
rf,0.99,0.8953950574312565,0.8956289785078333,0.8947331454616261,0.897170868347339,0.9556164112703905
rf,1.0,0.893850380388842,0.8939217950034642,0.893820582756196,0.8945098039215684,0.9568822529011605
rf,1.01,0.8979747816286279,0.8978773352464564,0.9009586641472446,0.8956582633053222,0.9579124149659866
rf,1.02,0.9003663003663004,0.9002614425826099,0.9014212185039797,0.8992156862745097,0.9553668967587035
rf,1.03,0.8976190476190476,0.89709163131748,0.9027225252669601,0.8928571428571429,0.9572137188208616
rf,1.04,0.8967743085258055,0.8968753514103549,0.8944967563975172,0.8997274813539873,0.9555933769089965
rf,1.05,0.8959509552323922,0.8961091331781764,0.8946608672200295,0.8983648881239243,0.9571898990519904
rf,1.06,0.8914688694899358,0.8918483501950398,0.8875551170816027,0.8968301778542743,0.9563233139096834
rf,1.07,0.8931678811052594,0.8930377242561397,0.8928333121608809,0.8943057946069995,0.9547556836640883
rf,1.08,0.8900079359353581,0.8899002286873664,0.8901290860690612,0.8905479059093517,0.9527253592683989
rf,1.09,0.8948127840704133,0.8955297627802816,0.8917787658080638,0.9002008032128515,0.9538371212906703
rf,1.1,0.8965262246591156,0.8962927453284179,0.8964918560093056,0.896514629948365,0.9539347579647334
rf,1.11,0.891153705732019,0.8909861041800337,0.8910772244564589,0.8912430208639437,0.9541239303378664
rf,1.12,0.8887732749178534,0.8892228089255314,0.8903109731511185,0.8899500440787541,0.9531196782427978
rf,1.13,0.8934684191310696,0.8937080424720871,0.8946373200546238,0.8934469585659712,0.9524197288714067
rf,1.14,0.8915151515151514,0.8914523078303505,0.8899252646164368,0.8944460769908904,0.9515501028504261
rf,1.15,0.8888211382113822,0.8892374670273414,0.8841972434741928,0.8955186600058772,0.9507118897959476
rf,1.16,0.8885365853658538,0.8885181158411936,0.8892947496417895,0.8891713194240376,0.9522944245751596
rf,1.17,0.8906965434685021,0.8913087775207875,0.8886810396400266,0.8950015055706112,0.951618029391676
rf,1.18,0.8904907975460121,0.8898651792827579,0.8902821952834371,0.8911171333935561,0.9553036478874274
rf,1.19,0.8932515337423312,0.8931765011444517,0.8941125828410026,0.893285155073773,0.9519722975007529
rf,1.2,0.888525335151102,0.8887592106929804,0.8873354330773221,0.8915688045769347,0.949784945037379
rf,1.21,0.891358024691358,0.8915659598945671,0.889913544411329,0.8938271604938273,0.9535208047553725
rf,1.22,0.8875124607008665,0.8885166957730009,0.8828436701729245,0.8949074074074075,0.9492919333942996
rf,1.23,0.8884901464611609,0.8888414766867019,0.887786545855502,0.8910185185185184,0.9525362940100595
rf,1.24,0.8877195000383405,0.8879322317456421,0.8864343826715538,0.8908333333333335,0.9528789437585734
rf,1.25,0.8886684782608695,0.8890349674403701,0.8856603902274843,0.893070987654321,0.953217013888889
rf,1.26,0.8869953416149068,0.8874291033070774,0.8820519015435192,0.8938425925925925,0.9478478009259259
rf,1.27,0.8944654088050313,0.8949477980838267,0.8913869620564716,0.9007278481012657,0.9530954311708861
rf,1.28,0.8857176976355385,0.8866477291296192,0.8783311729131207,0.8964082278481011,0.950664056240987
rf,1.29,0.8859550108844635,0.8865449188031012,0.8818143552676118,0.8922914638104512,0.9505873072609173
rf,1.3,0.8837378053696687,0.8845813134620331,0.8773934431297775,0.893313859136644,0.9494471012617144
rf,1.31,0.8890086558876368,0.8900379268571099,0.8820628741399513,0.8992697176241482,0.9533271540209223
rf,1.32,0.8863465621427405,0.887058568431204,0.8796939423214456,0.895293735800065,0.9503220732529399
rf,1.33,0.886975338886167,0.8874459569490634,0.8847622253276419,0.89143135345667,0.9526201741026474
rf,1.34,0.8823860852523273,0.8813650393827729,0.8905077897329718,0.8734014930217462,0.9516191046862907
rf,1.35,0.8884615384615385,0.8895934031221637,0.8847459359411907,0.8961538461538462,0.949991781722551
rf,1.36,0.884321753515302,0.8835259505057349,0.8852272703731193,0.8829170829170829,0.9522412416643184
rf,1.37,0.8820595533498758,0.8815836162307008,0.886184984350089,0.8775224775224777,0.9531775916391302
rf,1.38,0.882258064516129,0.8816992350228381,0.8854600047838183,0.8796703296703295,0.9522586720638669
rf,1.39,0.887012987012987,0.8867370880024754,0.8860325272664878,0.8883116883116884,0.9539888682745825
rf,1.4,0.886236312706901,0.8853592560577297,0.8937050807825783,0.8790498974709502,0.9542100158897835
rf,1.41,0.8803921568627452,0.8801635043392274,0.8842508270014164,0.8783321941216679,0.9502050580997949
rf,1.42,0.8855263157894736,0.8844934211529744,0.8915726807452039,0.8789473684210527,0.9520169667590028
rf,1.43,0.8837269083304287,0.8838463310679516,0.8853260045190486,0.8836842105263157,0.9519376731301937
rf,1.44,0.8909448123620309,0.8913332910768709,0.8897181974307499,0.893578947368421,0.9509269005847953
rf,1.45,0.8861059602649007,0.8863137353288707,0.8854369225805779,0.888140350877193,0.9531439766081871
rf,1.46,0.8858255033557046,0.8855073566443113,0.8867515553606801,0.885117117117117,0.9506301501501502
rf,1.47,0.8860313199105144,0.8859503665519632,0.8853964539999757,0.8872792792792792,0.9537819819819819
rf,1.48,0.879530201342282,0.8798422738437534,0.8780715517053546,0.8829189189189188,0.951918553688824
rf,1.49,0.8864864864864863,0.8871205210292457,0.8819730407108828,0.8932432432432431,0.952291818845873
rf,1.5,0.8816326530612246,0.8813997399544864,0.880368924244109,0.8842280636801185,0.9520547945205479
xgb,0.1,0.9092173262613897,0.9109422532036605,0.8997947343524443,0.9242544459644323,0.9659052588044414
xgb,0.11,0.9122093023255815,0.914219876964942,0.8973205711118167,0.9325581395348838,0.9642103839913465
xgb,0.12,0.9116279069767442,0.9133930613449228,0.8975606612081514,0.930232558139535,0.9635073012439156
xgb,0.13,0.9046511627906977,0.9069141135855421,0.8871623828952723,0.9279069767441861,0.9652514872904273
xgb,0.14,0.9081395348837209,0.9100007538387933,0.8930716591243776,0.9279069767441861,0.9654948620876148
xgb,0.15,0.8994186046511627,0.9016046762613218,0.8850389971651673,0.9197674418604652,0.9628177393185506
xgb,0.16,0.9087209302325583,0.9105578582805078,0.8944679046086694,0.9279069767441863,0.9627366143861545
xgb,0.17,0.9122093023255813,0.9140940360612122,0.8993070542660648,0.930232558139535,0.9638588426176311
xgb,0.18,0.9180232558139536,0.9197351717381921,0.9033920342270404,0.9372093023255814,0.9650486749594375
xgb,0.19,0.913953488372093,0.9154898450654081,0.9019542903832267,0.930232558139535,0.9642103839913465
xgb,0.2,0.9116279069767442,0.9131251979750322,0.8981471891197186,0.9290697674418604,0.9652109248242292
xgb,0.21,0.913953488372093,0.9144842917342688,0.9076307370945722,0.9220930232558141,0.9645348837209301
xgb,0.22,0.9220930232558141,0.923021042151297,0.9130044496885519,0.9337209302325583,0.967671714440238
xgb,0.23,0.9162790697674419,0.9176286700230148,0.9048483875379338,0.9313953488372094,0.9674553812871822
xgb,0.24,0.9161770705834353,0.917167774193751,0.9043858375536036,0.9312995896032833,0.9711740845608119
xgb,0.25,0.9231504147966817,0.9242532524544833,0.9109944753792355,0.9382900136798906,0.9688728406451819
xgb,0.26,0.921423228614171,0.9225380325630779,0.9099215210012037,0.9359781121751027,0.9711645404511182
xgb,0.27,0.9272439820481436,0.928145433295103,0.917478264554145,0.9394664842681258,0.9726572392072026
xgb,0.28,0.9220080239358085,0.9230814350564487,0.9121709531010367,0.9348016415868674,0.9721191104889766
xgb,0.29,0.9231674146606826,0.9247558123832411,0.9102196382888094,0.9406155950752394,0.9735249578468489
xgb,0.3,0.9266625866993063,0.9276082532013833,0.9174976401301137,0.9383036935704515,0.9710027677918113
xgb,0.31,0.9231606147150823,0.924006334194907,0.9176320702159403,0.9312995896032833,0.9724272261635859
xgb,0.32,0.9284305725554196,0.9291414779147582,0.9217198868452112,0.937154582763338,0.974098717907931
xgb,0.33,0.9266625866993063,0.9276582001859733,0.9194400227809154,0.9371272229822163,0.9748504756147996
xgb,0.34,0.9278185774513803,0.9287864452936823,0.9198700097326462,0.9383036935704515,0.9756006426367193
xgb,0.35,0.9231606147150823,0.9242212792511386,0.9133382862283999,0.9359644322845417,0.9774240447936882
xgb,0.36,0.9237522099823201,0.9244028841029521,0.9180545282896038,0.9313132694938441,0.9767209620462571
xgb,0.37,0.9202774377804979,0.9209291787274477,0.9159930033804111,0.9266621067031464,0.9740632456335698
xgb,0.38,0.9301305589555284,0.9313910783644814,0.9186512838589003,0.9452667578659371,0.9761696306429549
xgb,0.39,0.9219808241534068,0.9230021415026343,0.9128784971565624,0.9336388508891929,0.9721879871472657
xgb,0.4,0.9289915680674554,0.9292819794317522,0.9278286869213789,0.931326949384405,0.9716589253332485
xgb,0.41,0.9260607915136679,0.9265826021126784,0.9210256619306347,0.9324760601915185,0.9730060764165049
xgb,0.42,0.9243268053855569,0.9249454872652348,0.9189764763350498,0.931326949384405,0.9736089460121529
xgb,0.43,0.9249048007615939,0.9255638330598085,0.9179281934142111,0.9336251709986321,0.9688438901791112
xgb,0.44,0.9272575819393445,0.9278683657556336,0.9246270877285788,0.9324760601915185,0.9738492985079376
xgb,0.45,0.9208180334557323,0.9214109466980597,0.9153007607630268,0.9278248974008209,0.972697324467916
xgb,0.46,0.9202570379436963,0.920996283187397,0.9155930554933713,0.9278385772913816,0.9747726911207966
xgb,0.47,0.9202536379708963,0.9210138032086524,0.9137347189175913,0.9289740082079344,0.9715144911398849
xgb,0.48,0.9196756425948591,0.9209582573657741,0.9106053043084879,0.9324760601915185,0.9705677154582764
xgb,0.49,0.9184958520331836,0.9193363884225553,0.9125779364967791,0.9266621067031465,0.9712560048356822
xgb,0.5,0.9208350333197334,0.9217251476638888,0.9129598063809891,0.9313132694938441,0.9730502974580855
xgb,0.51,0.9190976472188221,0.9198787643844855,0.9126562964010091,0.9278385772913819,0.9733211911048899
xgb,0.52,0.920841833265334,0.9221215936964464,0.9089259195647978,0.9359781121751027,0.9716983743199821
xgb,0.53,0.9225690194478444,0.9234026269646718,0.9171022897799693,0.9301641586867305,0.9703038208252475
xgb,0.54,0.9243268053855569,0.9252446092232306,0.9180437183727838,0.9336525307797539,0.9692162695256578
xgb,0.55,0.9231674146606826,0.9236404391732493,0.9204779096692912,0.92781121751026,0.9724133872045302
xgb,0.56,0.9225724194206446,0.9236666441720474,0.9161269843996139,0.9324760601915185,0.9708526071326314
xgb,0.57,0.9214198286413708,0.9220422444035317,0.9169969600768539,0.9278385772913816,0.9699796392326536
xgb,0.58,0.9243200054399565,0.9246820666750694,0.9223957210604358,0.9278248974008209,0.9688120764801322
xgb,0.59,0.9196620427036585,0.9200797150671024,0.9167792581383456,0.9243365253077978,0.9695234307892979
xgb,0.6,0.9138582891336868,0.9143900775846576,0.9111499541918142,0.9185088919288648,0.9641971813062705
xgb,0.61,0.9177988576091393,0.9183579426913134,0.9134395348935749,0.9242134062927498,0.9654436420322592
xgb,0.62,0.9166394668842649,0.9167848786586511,0.914701269851163,0.9196032831737346,0.967787198167531
xgb,0.63,0.9154596763225893,0.9160489327624852,0.9113822314992728,0.9219151846785227,0.9648124582445201
xgb,0.64,0.9149054807561539,0.9156026135117517,0.906423228957418,0.9254035567715458,0.968968440810613
xgb,0.65,0.9172276621787026,0.9175235920735328,0.9127272015933258,0.9230779753761971,0.9663873954124647
xgb,0.66,0.9200904392764858,0.9207975595909751,0.9124960956259773,0.9299589603283174,0.9681867782267043
xgb,0.67,0.9171290629674962,0.917839999665012,0.9134653993798197,0.9241039671682627,0.9702371711258868
xgb,0.68,0.9101387188902489,0.911271897627425,0.9048944509789228,0.9194664842681259,0.9686981834377886
xgb,0.69,0.9177410580715355,0.9184964671723597,0.9110614748225838,0.9264842681258549,0.9705918938695002
xgb,0.7,0.9165578675370597,0.9176034474728846,0.9088846962458567,0.9276196990424077,0.9715830496611841
xgb,0.71,0.9101387188902488,0.9108676957996925,0.9041827086760874,0.9182763337893297,0.9693529093627717
xgb,0.72,0.9053583571331429,0.9059889971025434,0.8990276399065182,0.913515731874145,0.965115483727293
xgb,0.73,0.909438324493404,0.9103815514263015,0.902708058031231,0.9193160054719562,0.9652463970985906
xgb,0.74,0.9141200870393037,0.9151330600840282,0.9027284015105753,0.9297674418604652,0.9662927496580027
xgb,0.75,0.9094383244934041,0.9097044113989744,0.904520641149521,0.9157865937072505,0.9649537110679859
xgb,0.76,0.9164796681626546,0.917127598132366,0.9086789691725524,0.9263474692202462,0.9631794610759392
xgb,0.77,0.9071229430164559,0.9067220889213701,0.9080029900163868,0.9064432284541726,0.9622075525721376
xgb,0.78,0.9088603291173671,0.9092945748027568,0.9029761060690783,0.9169493844049248,0.9641995673336939
xgb,0.79,0.9047871617027063,0.9054796723413601,0.9024865268599663,0.9111354309165527,0.9647984602169692
xgb,0.8,0.9100537195702433,0.9103060640507741,0.9066402012697342,0.9146238030095761,0.964765851175516
xgb,0.81,0.9088773289813681,0.9090616304229824,0.9054004384512149,0.9134199726402189,0.9645110234466963
xgb,0.82,0.9053753569971439,0.9055040261901084,0.9032569283389595,0.9087961696306431,0.9623317850666497
xgb,0.83,0.9053583571331429,0.9059110353761903,0.9013072342648728,0.9111354309165527,0.9606550440619731
xgb,0.84,0.9017543859649123,0.9016787842206682,0.900782920731876,0.9040902872777018,0.9631053351573188
xgb,0.85,0.9017543859649123,0.9015873903557241,0.9006259322551949,0.9040902872777018,0.9632558139534882
xgb,0.86,0.9022256621947025,0.9033777094724856,0.8972495945652437,0.9109712722298223,0.9618897561760683
xgb,0.87,0.9066941864465085,0.9070569955619666,0.9018291501896532,0.913187414500684,0.9628244950510985
xgb,0.88,0.9094874441004472,0.9098133129151819,0.9060655358472559,0.9142134062927496,0.9628751911161182
xgb,0.89,0.9024389404884762,0.9030416886801493,0.8985964306305186,0.9083310533515732,0.9595543574474933
xgb,0.9,0.9059924320605436,0.9059541181952518,0.9047443677976383,0.9083584131326949,0.9611137040315441
xgb,0.91,0.9051896971806475,0.9053449247266852,0.9040066258772562,0.9081652661064424,0.9636753995715933
xgb,0.92,0.9027114514444833,0.9032799255652776,0.899231294784331,0.9080112044817927,0.9638062283737024
xgb,0.93,0.9050504698920989,0.9061479382694897,0.8969883987619607,0.9162464985994397,0.9639120118635688
xgb,0.94,0.900341106856944,0.9007699257902289,0.8965139041317526,0.9056302521008405,0.9620341901466469
xgb,0.95,0.9048346675948487,0.9050890047500856,0.9030724421625214,0.9077871148459383,0.9617871148459383
xgb,0.96,0.900706578489384,0.9014848849376651,0.8938469767356223,0.9102240896358543,0.9597381776239908
xgb,0.97,0.9060250609119388,0.9066590537153807,0.9016121318746544,0.9125770308123249,0.9641909705058493
xgb,0.98,0.9078141315697877,0.9085177560751877,0.9048475979659132,0.9136974789915968,0.9618144669632558
xgb,0.99,0.9042394709363035,0.9054596961498715,0.8953804601971797,0.9171988795518209,0.9605210084033613
xgb,1.0,0.9045188785573401,0.9058818839765117,0.8945654783235198,0.9181512605042016,0.9638997265572895
xgb,1.01,0.9056882220343757,0.9061596745075196,0.9032180189633701,0.9098879551820728,0.9613618780845673
xgb,1.02,0.9062905043674274,0.9068543358682997,0.9007575233275984,0.9134173669467789,0.9569407763105241
xgb,1.03,0.8999999999999998,0.9006659300539802,0.8937839336677331,0.9083333333333334,0.9602607709750567
xgb,1.04,0.9021599657827201,0.9029921556314784,0.8961905943071251,0.9104991394148023,0.9591780386853538
xgb,1.05,0.8959402623324779,0.8976187136167451,0.8847964340340859,0.9115318416523236,0.9560078750375652
xgb,1.06,0.9046605584012697,0.9055594380656501,0.8970390606087408,0.9148737808376364,0.9588228991698291
xgb,1.07,0.8991919774908016,0.8999176388632628,0.8929198328993275,0.9076018359150888,0.959657044702044
xgb,1.08,0.900238078060746,0.9012126339918174,0.8936346804504444,0.9098393574297189,0.9579030407343658
xgb,1.09,0.8911875045090542,0.8922334786042306,0.8853844891697984,0.9002151462994836,0.9548310280709756
xgb,1.1,0.9031527306832119,0.904034896041401,0.894304558595327,0.9145869191049915,0.9599174667689692
xgb,1.11,0.894184008762322,0.8948204923137564,0.8881158063890229,0.9021010872759332,0.9607955772546548
xgb,1.12,0.8935998539612997,0.8949182418395696,0.8882187582677192,0.9032471348809874,0.959314955974353
xgb,1.13,0.8995180722891567,0.9013388269918531,0.888525414838855,0.9152218630620043,0.9585126872461933
xgb,1.14,0.9012121212121211,0.9025719009931192,0.8912590025125853,0.9151043197178959,0.9596238612988539
xgb,1.15,0.8924648928307464,0.8934345248646725,0.8831105821356428,0.9053482221569205,0.9549434501838405
xgb,1.16,0.8952439024390243,0.8970871585700045,0.883549318816689,0.9123273582133411,0.9574068433161557
xgb,1.17,0.899255573844082,0.899984851014181,0.8953114626752507,0.9059921710328215,0.957378764844559
xgb,1.18,0.896588358521622,0.8980704242118763,0.8867449802860593,0.9106744956338453,0.9566472778548925
xgb,1.19,0.8981595092024539,0.8994381596464358,0.8881262692138355,0.911698283649503,0.95791177356218
xgb,1.2,0.8990002272210862,0.8998127415274114,0.893228930965609,0.9076332429990968,0.9545531429251193
xgb,1.21,0.8950617283950617,0.8963292396855165,0.8848456615942288,0.9086419753086421,0.9552354823959762
xgb,1.22,0.8955524883061114,0.8964677589562576,0.8899226739296715,0.9036111111111111,0.952141441853376
xgb,1.23,0.8996472663139329,0.9003337835550717,0.8972107478792299,0.9046141975308641,0.954627914951989
xgb,1.24,0.9032551184725097,0.9047237249770899,0.8926448904556514,0.9181481481481482,0.9566316110349031
xgb,1.25,0.9029968944099378,0.903933756223708,0.8969064821688824,0.9117283950617283,0.9584589120370369
xgb,1.26,0.9019875776397516,0.9026116852406038,0.8949345293764752,0.9113117283950617,0.9556579861111111
xgb,1.27,0.8982429245283019,0.9004025022979232,0.8835066059343367,0.9196044303797468,0.9588989319620254
xgb,1.28,0.9034073720245204,0.9048312356643805,0.8914641565085614,0.9191455696202532,0.956454694760455
xgb,1.29,0.8973514472305087,0.8986997053864153,0.8871442031355509,0.9112625770853618,0.9548997736227346
xgb,1.3,0.8970934451342417,0.8986837328502432,0.8868221365958014,0.9123661148977605,0.9539733113118789
xgb,1.31,0.8992324024171158,0.9007778664638965,0.8882529058740453,0.9146056475170399,0.9591079319901132
xgb,1.32,0.9016740160052261,0.9031605392704929,0.8891609370301937,0.9182895163907823,0.9582330495426893
xgb,1.33,0.902306875714519,0.902628057289439,0.8985133525943267,0.9080655631288543,0.9603616874308208
xgb,1.34,0.8983259839947738,0.8987510595837678,0.895313936624531,0.9028237585199612,0.9562065679641144
xgb,1.35,0.9019230769230768,0.903380527348397,0.8922443485449272,0.9153846153846155,0.954207758053912
xgb,1.36,0.9029611248966086,0.9040355950159948,0.894184908989742,0.9151348651348652,0.9588783011859935
xgb,1.37,0.9020636889991728,0.90257184693715,0.8985843425128346,0.9072094572094571,0.9589807628269167
xgb,1.38,0.895860913280268,0.8975671745418197,0.8843632471746139,0.9133366633366633,0.9556000276779496
xgb,1.39,0.8935064935064935,0.8939146842220114,0.8901127553637785,0.8987012987012987,0.9570247933884298
xgb,1.4,0.8907775231304644,0.891963422010468,0.8859498457361751,0.8998974709501024,0.9551630700126938
xgb,1.41,0.8862745098039216,0.8873568418960602,0.8797604044444614,0.8966848940533151,0.9503930280246069
xgb,1.42,0.8967105263157895,0.8970610428742714,0.8948490074574389,0.9,0.9553497229916896
xgb,1.43,0.8923100383408855,0.8924130039802414,0.8920603645866804,0.8943333333333333,0.954469759926131
xgb,1.44,0.9022119205298014,0.9028402373961322,0.8955466594150805,0.9108245614035088,0.9556283040935674
xgb,1.45,0.9000883002207505,0.9008811217660042,0.894213888969885,0.9080526315789472,0.9551391812865496
xgb,1.46,0.9004921700223715,0.900752020801467,0.8985915454147634,0.903783783783784,0.9541787387387387
xgb,1.47,0.8947561521252796,0.8948958516946177,0.8917789150785828,0.8993693693693693,0.9519704504504503
xgb,1.48,0.892989298022855,0.8937078249125257,0.8881892093054636,0.9003423423423424,0.9513223764304846
xgb,1.49,0.904054054054054,0.904366197008606,0.8997943481598041,0.9094594594594596,0.9554419284149015
xgb,1.5,0.8931972789115645,0.8939665530782308,0.8846095747737781,0.9047204738985561,0.9552202887819325
logreg,0.1,0.8736876104991159,0.8771290273872436,0.8544798548118301,0.9021340629274966,0.9177487035917664
logreg,0.11,0.8715116279069767,0.8752705244749637,0.8518986678010411,0.9011627906976745,0.9179962141698216
logreg,0.12,0.8662790697674417,0.8696422336237019,0.8484176418722458,0.8930232558139537,0.916914548404543
logreg,0.13,0.869186046511628,0.8726344621121871,0.8521730939228351,0.8953488372093024,0.9188480259599782
logreg,0.14,0.8715116279069768,0.8756715424479531,0.8490891698458553,0.9046511627906979,0.9223904813412656
logreg,0.15,0.875581395348837,0.8791634995383486,0.8558315019296099,0.9046511627906977,0.9244591671173608
logreg,0.16,0.8738372093023254,0.8777168840520391,0.8521143315112611,0.9058139534883722,0.9229718766901026
logreg,0.17,0.8755813953488373,0.8786363994393996,0.8581131322070631,0.9011627906976745,0.9243104380746349
logreg,0.18,0.877906976744186,0.8807434661391254,0.8611474766848358,0.9023255813953488,0.926406165494862
logreg,0.19,0.877906976744186,0.8814367044063104,0.8598033646838378,0.9058139534883722,0.9247971876690103
logreg,0.2,0.8831395348837209,0.8867836369455013,0.863813424277423,0.9127906976744187,0.9275959978366684
logreg,0.21,0.8825581395348838,0.8855318579489534,0.8677997079326414,0.9058139534883722,0.9312330989724176
logreg,0.22,0.8848837209302326,0.8878138809119257,0.8674634968620893,0.9104651162790699,0.9336262844780963
logreg,0.23,0.8918604651162791,0.8947259983096648,0.872515244264324,0.9186046511627909,0.9369524067063276
logreg,0.24,0.8893954848361213,0.8917304524232931,0.873305239833741,0.91155950752394,0.9387096363694207
logreg,0.25,0.8929008567931456,0.8951880221196665,0.876753929416626,0.9150478796169631,0.9352094932077752
logreg,0.26,0.8952162382700939,0.8974665833444415,0.8800216587178286,0.9161833105335158,0.9394520090350905
logreg,0.27,0.8946382428940568,0.8972258756095867,0.8774795318023436,0.9185225718194255,0.9380727261158655
logreg,0.28,0.8998844009247925,0.9023917172314416,0.8808129694541416,0.925512995896033,0.9416242484013617
logreg,0.29,0.8981096151230791,0.9002986578612147,0.8812577419744645,0.9208207934336526,0.9434468552158559
logreg,0.3,0.8981164150686796,0.9008908949335096,0.8813339328919622,0.9219972640218879,0.9418291286227849
logreg,0.31,0.8952094383244933,0.8975369147356442,0.8798860954700702,0.9161833105335159,0.941295453822416
logreg,0.32,0.8998878008975929,0.9019022072392506,0.885630023800965,0.9196853625171,0.9429381541691851
logreg,0.33,0.8999014007887938,0.9021581072663272,0.883945069537277,0.9219972640218879,0.9428956828810486
logreg,0.34,0.901043791649667,0.9032542098338876,0.885589806241249,0.9219972640218879,0.9443692934177458
logreg,0.35,0.8975554195566435,0.8999825397217622,0.8819766702482811,0.9196853625171,0.9418623739382179
logreg,0.36,0.8987148102815178,0.9011697897072999,0.8805913103337092,0.923201094391245,0.9425697515350109
logreg,0.37,0.8870801033591731,0.8896191583087225,0.8713711047093495,0.9092202462380301,0.9375304616167723
logreg,0.38,0.8934686522507821,0.895899361856596,0.8767644873186748,0.9161969904240767,0.9400685585212992
logreg,0.39,0.891704066367469,0.8936721007712022,0.879207709655752,0.9092065663474693,0.9424695383832278
logreg,0.4,0.8969638242894058,0.8991746205729271,0.8811614516369801,0.9185362517099864,0.943015143320714
logreg,0.41,0.8946212430300557,0.89742849435319,0.8781160935940993,0.9185362517099863,0.9422070753666528
logreg,0.42,0.8975350197198422,0.8998454529961976,0.8837391540547808,0.917373461012312,0.9429262240320682
logreg,0.43,0.893468652250782,0.8958534141396919,0.8777524761941669,0.9150478796169631,0.9408209525021475
logreg,0.44,0.896967224262206,0.8997550643693876,0.8817143355334993,0.9208481532147743,0.9435885852448063
logreg,0.45,0.8998878008975929,0.9021847699167227,0.8842134166616082,0.9220109439124489,0.9475948843572042
logreg,0.46,0.9039541683666531,0.9061948225635735,0.8860858015791578,0.9278248974008209,0.9526747367416408
logreg,0.47,0.9028015775873793,0.904690805767367,0.8888396921974817,0.9220109439124489,0.9521219737218847
logreg,0.48,0.912107303141575,0.9141822016401046,0.894961264474766,0.9348153214774282,0.953179938281424
logreg,0.49,0.9086053311573508,0.9108489188174461,0.8916891935853142,0.931326949384405,0.9523761651767251
logreg,0.5,0.9028015775873792,0.9052450813813294,0.8872606415727617,0.9255266757865938,0.9511893551363217
logreg,0.51,0.9004827961376309,0.902765823771321,0.8856668946745637,0.9220383036935706,0.9519247287882162
logreg,0.52,0.8998946008431933,0.9024821638092847,0.8834848307234011,0.923201094391245,0.9514044157414183
logreg,0.53,0.9056983544131647,0.907740445604072,0.8906034091168664,0.9266894664842681,0.9518537842394934
logreg,0.54,0.9068475452196383,0.9091642366542313,0.8903896054996727,0.9301778385772914,0.9516364966754685
logreg,0.55,0.9062899496804026,0.9082281924421494,0.8902103464771249,0.9278522571819426,0.9520182610632137
logreg,0.56,0.9050897592819256,0.9072218758019057,0.8922060417128834,0.9243502051983585,0.9533302580090988
logreg,0.57,0.9027641778865769,0.9049388647604732,0.884782597066596,0.9266757865937073,0.9532306811312952
logreg,0.58,0.9015877872977016,0.9032815976066523,0.8868278196592894,0.9208481532147743,0.9546218941876372
logreg,0.59,0.9004317965456277,0.9026092895479818,0.8826063297947456,0.9243365253077978,0.9495383832278179
logreg,0.6,0.9021759825921393,0.9041099375770336,0.8853612350646971,0.9243502051983585,0.9527008239748037
logreg,0.61,0.901502787977696,0.9033369223739394,0.8856933539619725,0.9230095759233927,0.9523834823274904
logreg,0.62,0.9008839929280565,0.9030732014206819,0.8833839755337853,0.9241997264021888,0.9509404129418128
logreg,0.63,0.8979634162926697,0.9001465931801412,0.8819447323959627,0.920670314637483,0.9508580154614575
logreg,0.64,0.8962192302461581,0.8986811872225205,0.877033512372984,0.9218604651162792,0.9475314160277417
logreg,0.65,0.8950496396028831,0.8970649901832604,0.8792634742208714,0.9160191518467853,0.9502004263035664
logreg,0.66,0.8967326261389909,0.8987658442187744,0.881365685228651,0.9182352941176471,0.9501204148506346
logreg,0.67,0.9007853937168502,0.9025294377318189,0.8900278030454348,0.9170725034199727,0.9493300034995069
logreg,0.68,0.9019413844689241,0.9039361767300711,0.8859018577331303,0.9240629274965801,0.9494295803773104
logreg,0.69,0.8961376308989528,0.8983375096624554,0.8804844333155677,0.9182216142270863,0.950367448223205
logreg,0.7,0.897297021623827,0.8996355646408919,0.8797921732208858,0.921751025991792,0.947397162218051
logreg,0.71,0.8978512171902626,0.8997081835071377,0.8817395437418222,0.9194117647058825,0.9482247955969841
logreg,0.72,0.8930742554059566,0.8950532368033404,0.8785460235468141,0.9134473324213406,0.9468984824865586
logreg,0.73,0.8959948320413437,0.8979302550327782,0.8820414110248176,0.9157455540355677,0.9462466197944837
logreg,0.74,0.8924894600843194,0.8943344271400104,0.8768480236738331,0.9134062927496581,0.942944516908981
logreg,0.75,0.8936760505915953,0.8958155289945606,0.8753415124207594,0.9180711354309166,0.9430887920338498
logreg,0.76,0.8901842785257716,0.8919674055723419,0.8772238885880934,0.9087414500683995,0.9437568797124042
logreg,0.77,0.8878450972392219,0.8899918632288155,0.8720915620577273,0.909904240766074,0.9437387459039861
logreg,0.78,0.8872399020807833,0.8892122731821243,0.8727067775977482,0.9075923392612861,0.9404834091559824
logreg,0.79,0.8866653066775466,0.888727760007584,0.873744821402151,0.9064158686730506,0.942059937008876
logreg,0.8,0.8878450972392221,0.8898947053193705,0.8713128439139576,0.9098768809849522,0.9390385900168612
logreg,0.81,0.8878484972120224,0.8898345414768425,0.8729025057933656,0.9087277701778387,0.9431913912130563
logreg,0.82,0.8866551067591459,0.8894844446118286,0.8673920189293032,0.9134199726402189,0.9379640823338529
logreg,0.83,0.8837447300421598,0.885972237309199,0.8691200899199008,0.9040902872777018,0.9394860496929978
logreg,0.84,0.8836257309941521,0.8865707180389626,0.8684988637964854,0.906497948016416,0.9416279069767441
logreg,0.85,0.8836257309941521,0.8859161837247578,0.8700527185002015,0.9029958960328319,0.9418604651162792
logreg,0.86,0.8817131062951497,0.8849065873189351,0.8649307663532533,0.9063337893296854,0.9407250341997265
logreg,0.87,0.886140350877193,0.8897220157758394,0.8635743323757735,0.9178522571819426,0.9398821920012874
logreg,0.88,0.8824699002407981,0.8855094502218316,0.864212165659254,0.9083310533515732,0.9407538424398487
logreg,0.89,0.8718851049191606,0.8755646178453633,0.8548014686245271,0.8989329685362517,0.9352113945441378
logreg,0.9,0.8725077399380805,0.8756281996134023,0.8540054724177129,0.8989329685362517,0.9324358252192806
logreg,0.91,0.8710302819352593,0.8749080495426682,0.8500674530377891,0.902282913165266,0.9360115340253747
logreg,0.92,0.8720884093282283,0.875559111089531,0.8535275036826693,0.9010224089635853,0.9350972153567308
logreg,0.93,0.8720710059171598,0.8755267614776325,0.8525513471501913,0.9009943977591035,0.935724831108914
logreg,0.94,0.8696832579185522,0.8731067820778371,0.8524893335908711,0.8962464985994398,0.9324730598121601
logreg,0.95,0.8746919596240863,0.8781937516880707,0.8581440870711615,0.9006862745098039,0.9354829461196245
logreg,0.96,0.8741106856943961,0.8775555055363482,0.8550926039310273,0.9019047619047619,0.9347485582468282
logreg,0.97,0.8717612252001393,0.8758178984764866,0.8509855926387827,0.9030532212885156,0.9309462843961114
logreg,0.98,0.8693839192481727,0.8729158670941628,0.8525248749955325,0.8959383753501399,0.9312374361509308
logreg,0.99,0.866435781413157,0.8692194445225054,0.8526356639239727,0.887675070028011,0.9294608666996209
logreg,1.0,0.8713052972668358,0.8745267275931546,0.8547627800103907,0.8956442577030812,0.9312016473255967
logreg,1.01,0.8706854043392506,0.8744048191757235,0.8527806594326789,0.8980392156862745,0.9320734960650927
logreg,1.02,0.8683572837418991,0.8727110720189201,0.8474238743356081,0.9003781512605041,0.9303764839269041
logreg,1.03,0.8666666666666666,0.8709431253936813,0.8465821181996148,0.8976190476190476,0.9317460317460317
logreg,1.04,0.8651304533789563,0.8694953541166222,0.8446997153412154,0.8973465289730349,0.9330418613228424
logreg,1.05,0.8624287140005702,0.8661101611358994,0.8446505739764435,0.8899168100975329,0.9326479386935496
logreg,1.06,0.8638734579034703,0.8675766482089046,0.8435704946910146,0.8943631669535284,0.9294835106346211
logreg,1.07,0.8649808816102734,0.8684023361131159,0.8448372057533264,0.8943488238668962,0.9310470798858084
logreg,1.08,0.860543972296371,0.8646810337056984,0.8388709048925783,0.893043602983362,0.9272553207667157
logreg,1.09,0.8617487915734795,0.8659442274565062,0.8416983752979359,0.8930292598967299,0.927483600494923
logreg,1.1,0.8652369958877426,0.8691091060601301,0.8471078559355398,0.8929288582903041,0.9306667288776449
logreg,1.11,0.8651515151515152,0.868359172598776,0.8462853419477179,0.8948133999412283,0.9295837478624458
logreg,1.12,0.862785688207375,0.8664315104362703,0.8435624498212413,0.8923890684689979,0.9261695031669432
logreg,1.13,0.8632201533406352,0.8684815229446142,0.839139268991447,0.9007346459006758,0.9248545755162878
logreg,1.14,0.8648484848484849,0.8688723648451958,0.8454431635786841,0.8945783132530121,0.9270202762268587
logreg,1.15,0.8620694752402069,0.8658661566468162,0.8413681510041296,0.8930649426976197,0.9279321330533318
logreg,1.16,0.8666186252771618,0.8705105334130245,0.8458757823237558,0.8977079047898912,0.9288285802340832
logreg,1.17,0.8656666167888674,0.8704527184581747,0.8432666476542099,0.9011141222523337,0.9276209781068001
logreg,1.18,0.8561873410145144,0.8604995562033089,0.8359757792779096,0.8874134296898524,0.927147274182769
logreg,1.19,0.8570552147239263,0.8613513976698363,0.8382182653108708,0.8872177055103885,0.9238934056007228
logreg,1.2,0.8626600015148073,0.867340888189154,0.8397736791181571,0.8977868112014452,0.9204266898636064
logreg,1.21,0.861111111111111,0.8653003907192949,0.8402777397949984,0.8925925925925926,0.9226794695930497
logreg,1.22,0.8609462464534928,0.8651360753160325,0.8392490006943605,0.8936728395061728,0.9217337296143879
logreg,1.23,0.8531784372364083,0.8575171993600759,0.833743657430082,0.8835493827160494,0.9197711857948484
logreg,1.24,0.8604401502952227,0.8647663754519505,0.8409485425328077,0.8908179012345678,0.9230427907331199
logreg,1.25,0.8563431677018635,0.8608638406306314,0.8376610546403602,0.8868981481481482,0.9226093750000001
logreg,1.26,0.8520458074534162,0.8555248297749969,0.8341790271735885,0.8788117283950617,0.9152291666666666
logreg,1.27,0.851753144654088,0.8555513442270396,0.8332076780055331,0.8805854430379746,0.9186420094936709
logreg,1.28,0.859816097444471,0.8634653414039575,0.8398145373050181,0.8889082278481013,0.920531565454254
logreg,1.29,0.8593042005966298,0.8634301840773103,0.8403188434839667,0.8884453099642974,0.9222410527569957
logreg,1.3,0.8608602757397404,0.8645270451509932,0.842176950404913,0.8894352482960077,0.9231804567808414
logreg,1.31,0.8717907888290053,0.8749863008938565,0.8540865239956433,0.8992372606296659,0.9256125217420251
logreg,1.32,0.8659072350155153,0.8689532658671798,0.8443449110722705,0.8966244725738397,0.9254477400777302
logreg,1.33,0.8620733300669606,0.8655518652240277,0.8412956579139717,0.8940928270042194,0.9234399836882797
logreg,1.34,0.86317573085089,0.8678227150957303,0.8415956963307002,0.8964784160986694,0.9238240581229871
logreg,1.35,0.8596153846153844,0.8637671970044163,0.8418193557492663,0.8884615384615385,0.9219756738987508
logreg,1.36,0.8585980148883376,0.8626821686714801,0.8370582448996908,0.8918747918747918,0.9214558945328177
logreg,1.37,0.8621091811414392,0.8674073948541453,0.8372058554350528,0.9007159507159507,0.9246369015599786
logreg,1.38,0.8674025974025973,0.8721652806998599,0.8448900985515907,0.903096903096903,0.9235647469413703
logreg,1.39,0.8616883116883118,0.8664446058286183,0.8403819177912665,0.8961038961038961,0.9201045707539214
logreg,1.4,0.8615270350564467,0.8655687216878516,0.8412240168491938,0.8921052631578947,0.9183964190286815
logreg,1.41,0.8686274509803921,0.872399537294909,0.8470395705979629,0.9006322624743678,0.9197197539302803
logreg,1.42,0.868421052631579,0.8733303521340938,0.8443426255809605,0.9052631578947368,0.9220048476454294
logreg,1.43,0.8619466713140467,0.8671981969218896,0.8366807075173528,0.9009122807017544,0.9238347183748846
logreg,1.44,0.8603222958057394,0.8651035469457817,0.8370530983608635,0.8962631578947369,0.9228016374269007
logreg,1.45,0.8641501103752759,0.8684798338126131,0.8418057622876212,0.8974385964912281,0.9219476023391813
logreg,1.46,0.8698120805369127,0.8738846259071339,0.8463798251256245,0.9038558558558558,0.923599039039039
logreg,1.47,0.8686129753914988,0.8739565367377388,0.8399380977072719,0.9114594594594594,0.9223565165165166
logreg,1.48,0.8667377108652277,0.8725939167336578,0.8394366946325216,0.90981981981982,0.9225675675675674
logreg,1.49,0.8695945945945948,0.874613491085514,0.8452235566933899,0.9067567567567567,0.9217494521548575
logreg,1.5,0.870748299319728,0.8762189217262396,0.8395420883242737,0.9169011477230654,0.9210847834135507
svc,0.1,0.8789405684754522,0.8832167450182723,0.8550565585780984,0.9138714090287279,0.9410853243406612
svc,0.11,0.8790697674418604,0.8837292790725406,0.8527237038196898,0.9174418604651164,0.9408328826392646
svc,0.12,0.8825581395348838,0.8873441171941604,0.8546117556187948,0.9232558139534884,0.9418875067604111
svc,0.13,0.8767441860465116,0.8827681101435276,0.8445271675717845,0.9255813953488374,0.9398593834505137
svc,0.14,0.8744186046511627,0.8796639456152752,0.8464381159807333,0.9162790697674421,0.9391968631692806
svc,0.15,0.8779069767441859,0.8823052510141292,0.8535158649121539,0.9139534883720932,0.9425365062195781
svc,0.16,0.8819767441860465,0.8862986955199584,0.8579704963671583,0.9174418604651164,0.9435640886965928
svc,0.17,0.8802325581395349,0.8848120573878198,0.8554804614085801,0.9174418604651164,0.9449702541914549
svc,0.18,0.8802325581395349,0.8847759309077867,0.8539755931083898,0.9186046511627908,0.9472552731206058
svc,0.19,0.8854651162790697,0.8897488714753028,0.8593190283108368,0.9232558139534884,0.9473363980530017
svc,0.2,0.8901162790697675,0.8942306217201399,0.864618253404535,0.9267441860465115,0.9486479177934019
svc,0.21,0.8959302325581395,0.8986827389264956,0.8772403601829695,0.9220930232558141,0.9517577068685776
svc,0.22,0.8959302325581395,0.8987168261555297,0.877528430331186,0.9220930232558141,0.9534072471606272
svc,0.23,0.8959302325581395,0.8986585314434123,0.8761596765261231,0.9232558139534884,0.9538128718226069
svc,0.24,0.8987012103903169,0.9010645680582364,0.8806669336326772,0.923187414500684,0.9554964527725638
svc,0.25,0.8986910104719164,0.9005366399183234,0.8841311797807064,0.9185225718194255,0.95437788311647
svc,0.26,0.9004555963552292,0.9021850373208155,0.887483231856336,0.9185088919288645,0.9570872967899977
svc,0.27,0.9027811777505779,0.9048128529829977,0.8874211570459435,0.9243228454172367,0.9587802627811538
svc,0.28,0.9056915544675643,0.9071597031044483,0.8924762754201673,0.9231737346101232,0.9591577323195366
svc,0.29,0.9115157078743371,0.9128370935424662,0.9016870795085801,0.9254993160054721,0.9602704164413197
svc,0.3,0.9132564939480483,0.9148949239354446,0.9005153617260078,0.9301641586867305,0.9591733210320366
svc,0.31,0.9103427172582619,0.9116462659929526,0.9010074305732678,0.9231874145006842,0.95901027582477
svc,0.32,0.9074493404052767,0.909238938926836,0.8958356529758282,0.9243502051983585,0.9599207838895427
svc,0.33,0.9074595403236774,0.9086153219871989,0.8974219223113844,0.9208891928864569,0.9600469252059936
svc,0.34,0.9103665170678635,0.9121972366256064,0.8942978509952303,0.9313543091655268,0.960641523239907
svc,0.35,0.9097885216918267,0.9114582815211136,0.8972387370337902,0.9266894664842681,0.9614524544268761
svc,0.36,0.9091935264517884,0.9111645240897414,0.8934942913064455,0.9302051983584132,0.9619990137753318
svc,0.37,0.9103699170406637,0.9120467778584607,0.8972267266002992,0.9278796169630643,0.9623763242452201
svc,0.38,0.9103461172310622,0.9119290106659157,0.8958758032688923,0.9290424076607389,0.9631291954315528
svc,0.39,0.9126784985720114,0.9140434988281937,0.901405334535256,0.9278796169630643,0.9622862914771101
svc,0.4,0.9150040799673602,0.9163311517063937,0.902473208701793,0.9313679890560875,0.9631411255686698
svc,0.41,0.9150176798585612,0.9167712851923022,0.9023410479372513,0.9325307797537621,0.9637700823974802
svc,0.42,0.9138480892152863,0.9154207744937717,0.904246230342024,0.9278659370725034,0.963137944198772
svc,0.43,0.9144294845641235,0.9160973058862789,0.8996437267820742,0.9336798905608756,0.9622511373397385
svc,0.44,0.9144362845097239,0.916115633872554,0.9031387819024614,0.9313543091655268,0.9630759074857634
svc,0.45,0.9109411124711002,0.9125671199816108,0.8972890902556724,0.9290287277701779,0.9622629084083606
svc,0.46,0.9144396844825241,0.9159726903225799,0.9020300930162444,0.9313679890560878,0.9632667896796361
svc,0.47,0.9161940704474365,0.9179340531420825,0.9014572921979443,0.9360191518467852,0.962827760633729
svc,0.48,0.9132734938120496,0.9152876988092205,0.8959412693495056,0.9360191518467852,0.9629566856488404
svc,0.49,0.9155854753161975,0.9173860821640073,0.8998814136028971,0.9360191518467852,0.9629752966627431
svc,0.5,0.9120971032231742,0.9138854339528277,0.8981417958520247,0.9313679890560878,0.9646440047084275
svc,0.51,0.9121141030871754,0.9136058391541276,0.8985668780392896,0.9302051983584132,0.9642511055260394
svc,0.52,0.9138548891608866,0.9154990984413509,0.8986100359440051,0.9336935704514365,0.9634982343397066
svc,0.53,0.912093703250374,0.9135780762220737,0.8973951805062793,0.9313679890560878,0.9627174466325199
svc,0.54,0.9202468380252957,0.9222352015446132,0.9040397818564397,0.9418331053351574,0.9599578468488531
svc,0.55,0.9132700938392493,0.9151313415976041,0.8979959400469921,0.9336662106703146,0.9601996309610918
svc,0.56,0.9161634706922344,0.9181940356375927,0.9008035042940975,0.937154582763338,0.9605618299239653
svc,0.57,0.9138344893240854,0.9157709155063586,0.8955583962250205,0.937154582763338,0.9605409919511342
svc,0.58,0.9144260845913232,0.9162054926921487,0.8975207587811749,0.9360054719562244,0.9598894473960486
svc,0.59,0.9051067591459268,0.9074279284246142,0.887047479516594,0.929015047879617,0.9568401043489327
svc,0.6,0.9080205358357134,0.9105595284711757,0.8880528156882319,0.9348290013679892,0.9571016129545381
svc,0.61,0.9067523459812321,0.9089296689567966,0.8876731359581914,0.9323529411764706,0.9540546559348456
svc,0.62,0.9038079695362435,0.9065397265274463,0.8812613002133984,0.9335294117647059,0.953986733687526
svc,0.63,0.9003161974704202,0.9033252687989854,0.8789461864607301,0.9300410396716826,0.9545194540769255
svc,0.64,0.899717802257582,0.9027161968629922,0.8786893529273334,0.9288782489740083,0.9537758088632966
svc,0.65,0.9009009927920577,0.903910384449753,0.8797430368767521,0.9300410396716827,0.9550424712881366
svc,0.66,0.9008193934448524,0.9036814055156756,0.8804839366117532,0.928796169630643,0.9552242865778002
svc,0.67,0.9037161702706378,0.9066424106952871,0.8846023114506586,0.9311354309165527,0.9551239938917698
svc,0.68,0.9013633890928873,0.9037302863247115,0.8837461102745234,0.9252804377564979,0.9528088314828365
svc,0.69,0.9002379980960151,0.9030821815111414,0.8803013086870415,0.9276196990424077,0.9551724302484649
svc,0.7,0.8990514075887391,0.9021784534203021,0.8765773584206308,0.9299316005471956,0.9547324467915885
svc,0.71,0.8990310077519379,0.9021264092421744,0.8773692662629176,0.9288098495212038,0.954656730188019
svc,0.72,0.8948422412620699,0.8976565569363879,0.8758991175264329,0.9216826265389878,0.9536126045875353
svc,0.73,0.8930708554331567,0.8958792065188057,0.8764457111723525,0.9169767441860467,0.9518682594725287
svc,0.74,0.893686250509996,0.8964738882240688,0.8730277986536716,0.9216963064295486,0.9534438329144528
svc,0.75,0.891938664490684,0.8943232317249642,0.873988321578131,0.9158549931600548,0.952343237998282
svc,0.76,0.8907894736842105,0.8945467877069367,0.8677740883364841,0.9240355677154584,0.949172207552572
svc,0.77,0.8890418876648984,0.8920412166968721,0.8688738078255238,0.9170314637482901,0.9498051410937549
svc,0.78,0.8890078879368964,0.8919311624775282,0.8700851934550613,0.9158686730506156,0.9480242102249228
svc,0.79,0.8866789065687476,0.8891823915046515,0.8730624250800249,0.9076744186046513,0.9467472083479146
svc,0.8,0.8820277437780497,0.8847278371803107,0.8652161021030302,0.9053351573187415,0.947644672796106
svc,0.81,0.8861077111383109,0.8886564624655147,0.8689004104580963,0.9100136798905609,0.9473543727929246
svc,0.82,0.8825887392900856,0.8857225120693186,0.8655370139358759,0.9076744186046513,0.9462747749180798
svc,0.83,0.884343125254998,0.8872380681586522,0.8671225096330405,0.9088235294117648,0.9456948111856965
svc,0.84,0.8830409356725146,0.886206094008695,0.8644592043663252,0.9099863201094391,0.9478522571819425
svc,0.85,0.887719298245614,0.8905907888969349,0.8683769565064756,0.9146785225718196,0.9483720930232558
svc,0.86,0.8858169934640523,0.8893433169377856,0.8664007359390128,0.9145006839945282,0.9465956385290093
svc,0.87,0.8826040591675268,0.8863680365991996,0.8583601980678293,0.9167031463748291,0.9461266596926047
svc,0.88,0.8830409356725146,0.8863477643154208,0.8650456641628667,0.9095348837209303,0.9464060513398247
svc,0.89,0.878937048503612,0.8826540141430803,0.8591398571529363,0.9083584131326949,0.9435052707813633
svc,0.9,0.8778156174750602,0.8814668372149516,0.8576840886629006,0.9071819425444596,0.9423463426410237
svc,0.91,0.878673860076575,0.8826768603688769,0.8564938082199787,0.9117086834733893,0.9433138902619872
svc,0.92,0.8726731639401322,0.8768993083414692,0.8530949628627751,0.9045378151260504,0.9435294117647057
svc,0.93,0.8697006613296207,0.8741409271897828,0.8463471056090773,0.9045378151260504,0.9426549678695008
svc,0.94,0.8732196310476853,0.876928673526192,0.852947491120287,0.9033613445378151,0.9425710990278464
svc,0.95,0.8705499477897668,0.8738775118554111,0.8548928817558972,0.8947478991596638,0.9423669467787115
svc,0.96,0.8723320570831883,0.8757540455001205,0.8525422129056903,0.9006582633053222,0.9425501730103806
svc,0.97,0.8664392620953707,0.8704408883342099,0.8469519270577776,0.8959383753501399,0.9420342725325422
svc,0.98,0.8652627915071355,0.8689305777852286,0.8489076173537808,0.8912044817927172,0.9416236612291975
svc,0.99,0.8640723981900452,0.867949693165483,0.8457606063727899,0.892422969187675,0.9416635360026362
svc,1.0,0.867737390814314,0.8720532738320543,0.8473184598515257,0.8992296918767506,0.9430445511537948
svc,1.01,0.8659234995773456,0.8701256300522504,0.8450512184623037,0.8980532212885153,0.9433064892623717
svc,1.02,0.8665962242885319,0.8711013439641657,0.8452588654456934,0.8992436974789915,0.9402114179004937
svc,1.03,0.8708333333333333,0.8750558274375839,0.8480110132356462,0.9047619047619048,0.9425878684807257
svc,1.04,0.870523239235814,0.8751908719345407,0.8452644786547447,0.9081325301204821,0.9425011269568067
svc,1.05,0.8690084117479329,0.8744630192511458,0.8421847670779288,0.9102696500286862,0.9430350654317952
svc,1.06,0.864490296515403,0.8697752807685328,0.8375701253477009,0.9052208835341367,0.9422505858200443
svc,1.07,0.8709580838323353,0.8760183612752253,0.8430233694009104,0.912378083763626,0.9407340204190253
svc,1.08,0.8653632494048049,0.8703770160481499,0.8401448468392078,0.9038439472174413,0.9406375934028712
svc,1.09,0.861734362600101,0.8673758364981025,0.8356563923236706,0.9026104417670682,0.9385110147993005
svc,1.1,0.8646201572758099,0.8707523472803553,0.8349308283694714,0.9109294320137693,0.9403056287110576
svc,1.11,0.8645235487404161,0.87029335297185,0.835715379044642,0.9092859241845431,0.9396214891891989
svc,1.12,0.8718510405257394,0.8776247970865334,0.846333893211801,0.9141198942109904,0.9396177717039184
svc,1.13,0.87469149324571,0.8803224573531443,0.8436240394806328,0.9213047311196002,0.9404873092133446
svc,1.14,0.8672727272727272,0.8739388623428723,0.8363024681497686,0.916382603585072,0.9390390831619161
svc,1.15,0.8669364375461935,0.8726345093021621,0.8361579269238323,0.9137378783426389,0.9374119320828823
svc,1.16,0.8678418329637841,0.8741337669664763,0.8357421080396563,0.9172054069938289,0.9372155486908967
svc,1.17,0.8711357174921442,0.8770541651022995,0.8399243428215268,0.9181722372779282,0.9392489405923868
svc,1.18,0.8671966182852012,0.8734324953799731,0.8355600102373447,0.9155676001204457,0.9378645500547146
svc,1.19,0.8631901840490798,0.8703307895097161,0.8315439528802854,0.9141523637458595,0.9352755194218609
svc,1.2,0.8669772021510264,0.8736070805695725,0.8324749367788081,0.9199337548931046,0.9365011654231769
svc,1.21,0.8679012345679012,0.8736499938946173,0.837373384791479,0.9135802469135802,0.9341716201798507
svc,1.22,0.865876849934821,0.8717266226614161,0.8354393889774279,0.9122222222222222,0.9325015241579028
svc,1.23,0.8674296449658769,0.8734642472968275,0.837830472926003,0.9133333333333333,0.9348485368084134
svc,1.24,0.8654052603327965,0.8714829107905058,0.8366827233497913,0.9107561728395062,0.9341106538637403
svc,1.25,0.8594604037267081,0.8655072882975526,0.8322890339394245,0.9030555555555557,0.9316957947530863
svc,1.26,0.8626785714285713,0.8686501970389078,0.8346068704099725,0.9063271604938272,0.9299189814814813
svc,1.27,0.8574017295597484,0.8621572720154218,0.8330937561204926,0.8944462025316454,0.9296420094936708
svc,1.28,0.8566953268051906,0.862278334217389,0.8298331141488685,0.8977215189873415,0.9308279923089249
svc,1.29,0.8650165282592921,0.870006457671782,0.8406736869470768,0.9024018175916911,0.9329615158648968
svc,1.3,0.8703781343223413,0.8750818745923554,0.8438375480029576,0.9097533268419344,0.934538350609493
svc,1.31,0.8660664706843051,0.8714812963083813,0.839142209134193,0.9081467056150601,0.9338582628017876
svc,1.32,0.8671811203658338,0.873543151268267,0.8336850252762792,0.9182732878935411,0.9342138333374944
svc,1.33,0.8741629919973869,0.8802495034781396,0.8410505935472947,0.9246673158065564,0.9348573556704034
svc,1.34,0.8695655724318145,0.8760461897624598,0.8358784720187209,0.9207400194741968,0.932168418512138
svc,1.35,0.8660256410256408,0.8730349822051491,0.8331128098235017,0.917948717948718,0.93344838921762
svc,1.36,0.8663151364764268,0.871506256159911,0.8357953449849134,0.9111222111222113,0.9336195855426626
svc,1.37,0.8698469809760134,0.8763453592229815,0.8359172401270311,0.9213952713952714,0.9341246360477129
svc,1.38,0.872563887725178,0.8787816073742893,0.838140912775794,0.925024975024975,0.9346713892168438
svc,1.39,0.8668831168831168,0.87350511299384,0.8331713059066255,0.9194805194805193,0.9346770113003879
svc,1.4,0.8712970036499449,0.8770207259566222,0.8402539671220299,0.9180792891319205,0.9330021482277122
svc,1.41,0.8686274509803923,0.8757047083155051,0.833016159484921,0.9241285030758716,0.9349111414900889
svc,1.42,0.8710526315789473,0.8778939432994933,0.8380295506076401,0.9223684210526315,0.9351108033240998
svc,1.43,0.8665780759846637,0.8735673203240589,0.8339183795850991,0.9180701754385966,0.9340318559556786
svc,1.44,0.8636423841059603,0.8702346947218649,0.833414413504807,0.9122280701754386,0.9328711111111112
svc,1.45,0.8654701986754967,0.8714347039902046,0.8355823792595268,0.9107543859649123,0.9339122807017544
svc,1.46,0.8684697986577181,0.8741843387245579,0.8376708185289358,0.9145585585585586,0.932467987987988
svc,1.47,0.8706174496644294,0.8768414184014647,0.8365383297299334,0.9221801801801803,0.9343087087087089
svc,1.48,0.8667603845456195,0.8730784985223773,0.8337827286644022,0.9165585585585585,0.9326191867543219
svc,1.49,0.866891891891892,0.874719968067329,0.8277042643044306,0.9283783783783784,0.9305880204528855
svc,1.5,0.8727891156462585,0.8793133171584457,0.8380630953878636,0.9263976305072195,0.9318955942243614
nn,0.1,0.8783591731266152,0.8828312570645627,0.8543844929980693,0.9138577291381669,0.9253200458117267
nn,0.11,0.8761627906976746,0.879758622707352,0.8564736890431645,0.9046511627906979,0.9308409951325041
nn,0.12,0.8639534883720931,0.8689720176839849,0.842863390323644,0.8976744186046511,0.9227149810708491
nn,0.13,0.8604651162790697,0.8654297627757902,0.8394440843450441,0.894186046511628,0.9240805840995133
nn,0.14,0.8546511627906976,0.8587478445983253,0.8346779122103314,0.8848837209302326,0.9207815035154138
nn,0.15,0.8598837209302326,0.8643631219744604,0.8389534599295836,0.8918604651162791,0.923539751216874
nn,0.16,0.8726744186046511,0.8768422652664698,0.8503937187648758,0.9058139534883722,0.925676041103299
nn,0.17,0.874418604651163,0.8785126850817335,0.8512220836135652,0.908139534883721,0.927244456462953
nn,0.18,0.8773255813953489,0.8804394075804278,0.8592240016947263,0.9034883720930234,0.9315035154137371
nn,0.19,0.8773255813953489,0.8818262553144709,0.852889157848686,0.9139534883720932,0.9263520822065981
nn,0.2,0.8924418604651164,0.8956901763754519,0.8719427691050651,0.9220930232558141,0.9371957815035156
nn,0.21,0.8825581395348838,0.8856695531343528,0.8648666341098306,0.9093023255813953,0.9331800973499188
nn,0.22,0.8872093023255815,0.8901539726921517,0.8688454412998752,0.913953488372093,0.9355462412114658
nn,0.23,0.880813953488372,0.8843319776250503,0.8594013953389256,0.9116279069767442,0.9346538669551109
nn,0.24,0.8882122943016455,0.8912458073498382,0.8682009149551119,0.9161969904240767,0.9368968918016097
nn,0.25,0.8893852849177207,0.8923721630575395,0.8691961202443501,0.9173461012311902,0.9365251487290427
nn,0.26,0.8893920848633211,0.8922333078480753,0.8714488528475499,0.9150205198358414,0.9325740463843731
nn,0.27,0.8888038895688835,0.891804946387843,0.869280627500413,0.9161969904240767,0.9322786561893551
nn,0.28,0.8859275125798993,0.8890984080123671,0.8661633520759802,0.9138440492476061,0.9331649858429041
nn,0.29,0.891734666122671,0.8948299604313318,0.8723633518609457,0.9196580027359783,0.9343193459103489
nn,0.3,0.891704066367469,0.8957325764236351,0.8697274039309824,0.9243091655266757,0.9354811821970539
nn,0.31,0.8980892152862777,0.9016142699726354,0.8776577339895079,0.9277975376196992,0.9370282823783921
nn,0.32,0.8934720522235823,0.8963602535283766,0.8736728656371827,0.9208207934336526,0.9407137403365888
nn,0.33,0.8940534475724196,0.8963487217678123,0.879820979914048,0.9138440492476061,0.9395167499125124
nn,0.34,0.8969502243982049,0.8997840169487766,0.8778270538200477,0.9231463748290014,0.9400128845480864
nn,0.35,0.9033727730178158,0.9060739536787148,0.8849267903569661,0.9289740082079344,0.9405775777049599
nn,0.36,0.9004589963280296,0.9032652687737069,0.8791694482389053,0.9289876880984954,0.942888842935768
nn,0.37,0.899299605603155,0.9021201476535236,0.8792266493352713,0.9266621067031464,0.9385868354913626
nn,0.38,0.8963722290221678,0.8992714457101819,0.8748806338980529,0.9254719562243503,0.9352573728247384
nn,0.39,0.8981164150686795,0.9008918105707517,0.8790817402349711,0.9243365253077975,0.9407372824738331
nn,0.4,0.8951958384332925,0.8979785662864433,0.8767704852889407,0.9208071135430916,0.9381271275411193
nn,0.41,0.8946348429212566,0.8977789025727562,0.8770786331211461,0.9208207934336526,0.9305039289918238
nn,0.42,0.8940500475996191,0.8969506036863834,0.8750496160040774,0.9208207934336526,0.9344852543505233
nn,0.43,0.8981232150142799,0.9010503857588491,0.8775549664155511,0.9266347469220246,0.931953361117297
nn,0.44,0.9004725962192304,0.9040418690416268,0.8775219462389648,0.9336388508891929,0.9386945248624057
nn,0.45,0.8981402148782809,0.9015802561132137,0.8740762968145022,0.931326949384405,0.9366582890592688
nn,0.46,0.9074561403508771,0.910169950203076,0.8862815999090519,0.9359917920656635,0.9366199535519997
nn,0.47,0.896419828641371,0.8992958267059867,0.8773560170206693,0.923201094391245,0.9262348487258614
nn,0.48,0.9028015775873793,0.9060675582710187,0.8786889517139732,0.9359781121751025,0.9375000795342474
nn,0.49,0.8969604243166055,0.9004991989043395,0.8713094599617758,0.9325034199726403,0.9364373429198611
nn,0.5,0.8981334149326807,0.9015886934046812,0.8759652213177261,0.9301778385772914,0.9392541278274423
nn,0.51,0.8958180334557323,0.8989926843489826,0.8732628518607093,0.9266757865937073,0.9396712054210543
nn,0.52,0.8975554195566435,0.9013614882743664,0.8718252268874155,0.9336662106703146,0.9288831800973497
nn,0.53,0.8998674010607915,0.903028046063325,0.8784961523348505,0.9301915184678524,0.9323265358063182
nn,0.54,0.8952026383788929,0.8991057247943983,0.8730456186923817,0.9278522571819426,0.9285357745045015
nn,0.55,0.8964028287773698,0.8996494804682328,0.8757131599985156,0.9255129958960329,0.9329373588267107
nn,0.56,0.8958044335645315,0.898223719995212,0.8809523833148409,0.917373461012312,0.9277997645786277
nn,0.57,0.9021895824833402,0.9045784090887332,0.8831263947796033,0.9278385772913816,0.9397353100244967
nn,0.58,0.8946178430572556,0.8976538365383252,0.8728271986921741,0.9243365253077978,0.9357536665288071
nn,0.59,0.8928974568203456,0.895903872789976,0.8720853589784836,0.9220246238030096,0.9367085547036554
nn,0.6,0.8981300149598803,0.9002859459758848,0.8816134499195882,0.9208481532147743,0.9385136639837114
nn,0.61,0.8822555419556645,0.8850792602332567,0.8649644254351629,0.90671682626539,0.9246179174752649
nn,0.62,0.8810655514755881,0.8841089621694402,0.8628787989051032,0.9066894664842682,0.9217822034167913
nn,0.63,0.8845743234054128,0.8875009341992811,0.8663716254086481,0.910232558139535,0.9138599560970952
nn,0.64,0.8787297701618387,0.8817083086987619,0.8615148985720907,0.9032147742818057,0.9160950275188495
nn,0.65,0.8793315653474771,0.8824513180882368,0.8609906859969343,0.9055403556771546,0.9196190309547291
nn,0.66,0.8908846729226166,0.8945219612387074,0.8709281520696596,0.9217236662106704,0.9291925683199187
nn,0.67,0.8838433292533662,0.8870501612696969,0.8652755096004621,0.9111764705882355,0.9213902586453727
nn,0.68,0.8826601387188904,0.8864643911449038,0.8597051359483607,0.9158823529411766,0.9219013457194667
nn,0.69,0.8826975384196926,0.8860496164799005,0.8620614734766965,0.9123666210670315,0.9279182706073236
nn,0.7,0.8861791105671154,0.8893790385763977,0.8640571159846335,0.9170041039671684,0.9269692679667865
nn,0.71,0.8739154086767306,0.8776860508150554,0.851341375421649,0.906497948016416,0.915619253650622
nn,0.72,0.8825581395348838,0.8865241048506693,0.8591488824528929,0.9170041039671684,0.9230226195399741
nn,0.73,0.8837243302053583,0.887921598227627,0.8602576226807285,0.9181532147742819,0.9242918270607323
nn,0.74,0.8796783625730994,0.8838039095019757,0.8542852233568302,0.9158139534883721,0.9212765246715235
nn,0.75,0.8802597579219367,0.884334640746415,0.8537625407632738,0.9181668946648427,0.9292386981834377
nn,0.76,0.8785053719570243,0.8825898555409193,0.8548486544206246,0.9134883720930234,0.9247365825724557
nn,0.77,0.8732524139806881,0.8775242785938652,0.8493421965564328,0.9087961696306429,0.9245549263512869
nn,0.78,0.8749898000815994,0.8786464570197348,0.8535440098316686,0.9064432284541726,0.9273879362453471
nn,0.79,0.8709132326941385,0.8743899149084415,0.8524145031170185,0.8994391244870042,0.9259369134349249
nn,0.8,0.8738338093295253,0.8777935595068447,0.8502625754781763,0.9076060191518469,0.9242444246492539
nn,0.81,0.869155446756426,0.8729501526766095,0.8500213547431603,0.8983036935704515,0.9219005503769925
nn,0.82,0.8697164422684617,0.8739331427515118,0.8488720347781997,0.9017647058823531,0.9242848280469571
nn,0.83,0.8662314701482388,0.87144205398533,0.840563880656784,0.9052941176470588,0.9213605128368275
nn,0.84,0.867251461988304,0.8718574702147442,0.8481730022412062,0.898235294117647,0.9261149110807112
nn,0.85,0.8590643274853802,0.8630233729568026,0.8412511367142151,0.8865253077975377,0.9090834473324214
nn,0.86,0.8659133126934984,0.8704932194931585,0.8453982116779777,0.8980711354309167,0.9258004345377001
nn,0.87,0.8685276917784659,0.8724850333942564,0.8477225164974598,0.8990560875512997,0.9316971111289932
nn,0.88,0.8683660130718953,0.8724188770533914,0.8491123295403982,0.8977701778385774,0.9320877122394787
nn,0.89,0.8501203990368076,0.8549269364030089,0.8320351631943176,0.8801367989056088,0.9041005874305948
nn,0.9,0.8496284829721361,0.8550063090711737,0.8280470008420371,0.8849247606019152,0.913141063812666
nn,0.91,0.8657222415593455,0.8692428442499969,0.8489884953176553,0.8917086834733892,0.9294382929642445
nn,0.92,0.8632335537765401,0.8665074458568638,0.8483332428791737,0.8880532212885154,0.9318442906574396
nn,0.93,0.8561260006961364,0.859607836195635,0.8384349597140506,0.8833193277310925,0.9231652661064425
nn,0.94,0.8555447267664462,0.8600382744172836,0.8350940463965246,0.8880812324929972,0.9190776075135936
nn,0.95,0.8581447963800907,0.861715534179532,0.8429411959591583,0.8828851540616247,0.9289831932773108
nn,0.96,0.8557570483814828,0.8593189037016717,0.8393756275986212,0.8805602240896357,0.9254753666172351
nn,0.97,0.8480856247824573,0.8528927751383195,0.8289329486812557,0.8793837535014006,0.9150718405009064
nn,0.98,0.8581900452488689,0.8626507423933681,0.8431160811255666,0.8853501400560224,0.9316065249629263
nn,0.99,0.8469265576052907,0.8511677607735567,0.8297737045179157,0.8747058823529411,0.9248695007414731
nn,1.0,0.8475204282896591,0.8517883071768688,0.8307074551827343,0.874327731092437,0.9203789849273043
nn,1.01,0.8570548041701889,0.8611983486351471,0.8399637492479686,0.8850420168067226,0.9273199279711883
nn,1.02,0.8553500986193295,0.859343577919744,0.8390174413525229,0.8814565826330533,0.9238728824863278
nn,1.03,0.8541666666666667,0.858983246357915,0.8302396208501269,0.8904761904761905,0.9284722222222221
nn,1.04,0.8561199030510409,0.8602328370862102,0.8385529063244519,0.8842226047045324,0.9197789457148323
nn,1.05,0.859424009124608,0.8641481780365284,0.8378188598445782,0.8934882386689615,0.9306863508455591
nn,1.06,0.8590650025250703,0.8627947207540198,0.8407159468980705,0.88714859437751,0.9308459310564116
nn,1.07,0.8649808816102734,0.8692264122082168,0.8419092692114578,0.8991537578886977,0.9337684645639357
nn,1.08,0.8557643748647283,0.8602364126208659,0.8371123894334505,0.8869477911646586,0.9264749186073036
nn,1.09,0.8605692229997836,0.8645227633587856,0.843644413686313,0.887091222030981,0.9206257041937113
nn,1.1,0.8598513815742009,0.8641223257056868,0.8398923303291884,0.8905048766494549,0.9287781072655511
nn,1.11,0.8627309236947791,0.8669940005998338,0.8419965437781001,0.8960035263003233,0.9350105682795832
nn,1.12,0.8579299014238775,0.8611032448979022,0.8460543990658499,0.8801939465177785,0.9250108869211788
nn,1.13,0.8656042351223073,0.8707009101521666,0.842665074070222,0.9019394651777842,0.9356037727164903
nn,1.14,0.8690909090909089,0.8743116871205959,0.8462196546327678,0.9054804584190421,0.934014105201293
nn,1.15,0.8572246858832224,0.8622690576222818,0.8326936637686986,0.8955186600058773,0.9287388100886593
nn,1.16,0.8599076127124908,0.86530061105259,0.8348916815242772,0.8989421099030267,0.9245126251585759
nn,1.17,0.8363609157563967,0.8432534824162999,0.8169128421488784,0.8730653417645288,0.9056673717143676
nn,1.18,0.8580091276372886,0.8626515634262025,0.8380259515236832,0.8898373983739838,0.9306636995909254
nn,1.19,0.8625766871165643,0.8674973554772676,0.8384616111467569,0.8994278831677207,0.9321589882565491
nn,1.2,0.857789896235704,0.8621779627994783,0.834987353953721,0.8928334838903945,0.9211328210675797
nn,1.21,0.8345679012345679,0.8388555244865588,0.8141807654907135,0.8654320987654321,0.9153787532388356
nn,1.22,0.8529368913426885,0.857627435313459,0.8305797678207524,0.8875771604938272,0.9266268480414572
nn,1.23,0.8482478337550802,0.8537239135166834,0.8255508969717373,0.8848302469135803,0.9216710486206372
nn,1.24,0.8616862203818727,0.8662933444637353,0.8405126341269135,0.8946604938271605,0.9257834171620181
nn,1.25,0.8600582298136645,0.8650350066152346,0.8368429430310499,0.8968518518518518,0.9317447916666666
nn,1.26,0.8582802795031055,0.8620888351272754,0.8406297945483535,0.8862962962962964,0.9242976466049383
nn,1.27,0.8592610062893081,0.8636561994993921,0.8358443293460114,0.8943512658227848,0.9258190268987342
nn,1.28,0.8503144654088051,0.8557516364454584,0.8266668825606758,0.8875474683544304,0.9105155423810288
nn,1.29,0.8687898089171974,0.8727211588640522,0.8487827002646231,0.8985718922427782,0.9297020530076132
nn,1.3,0.8482020478916391,0.8524272699671716,0.8280656803621396,0.8792599805258032,0.9196101873877872
nn,1.31,0.8577576351461701,0.8625654941575929,0.8358429374435843,0.8929243752028564,0.923586248221107
nn,1.32,0.8544177690674506,0.8604755541287297,0.8248651777621525,0.9004381694255112,0.9267541341056434
nn,1.33,0.8556589906908378,0.861505328188467,0.8285448243787437,0.89915611814346,0.9230996013615295
nn,1.34,0.8631593989874246,0.8694483657923273,0.833584445822979,0.9092015579357351,0.9260003412145572
nn,1.35,0.8615384615384615,0.8664911230878948,0.8370775946948077,0.8987179487179487,0.9254273504273505
nn,1.36,0.8643713813068652,0.8686580624911505,0.838696457627071,0.9021478521478521,0.9260109548571087
nn,1.37,0.8543713813068651,0.8588969174518504,0.8328414964377476,0.8879953379953379,0.9233706464475695
nn,1.38,0.8570381231671554,0.8616761510962367,0.836403999192385,0.89004329004329,0.9241773378137014
nn,1.39,0.8551948051948053,0.8610393292816501,0.8289170307437248,0.8974025974025974,0.9217068645640072
nn,1.4,0.8706306765130295,0.8751153217845801,0.8466999682308213,0.9063738892686259,0.9280929596719071
nn,1.41,0.8562091503267973,0.8611922414158674,0.8329611677787959,0.8928571428571429,0.9226076555023924
nn,1.42,0.8657894736842104,0.8719605739163973,0.838447563609248,0.9092105263157896,0.9216759002770083
nn,1.43,0.8520085395608226,0.8590236815263277,0.8241051236042436,0.8982456140350876,0.9194402123730379
nn,1.44,0.8556247240618102,0.8627340801418347,0.8236394216360134,0.9068421052631578,0.9215857309941521
nn,1.45,0.8534746136865342,0.8602065887384016,0.8248081170232998,0.900122807017544,0.9193150877192984
nn,1.46,0.8524608501118569,0.8571804661217721,0.8304447195948292,0.8864864864864865,0.9200922522522521
nn,1.47,0.8477941834451903,0.8554369461654863,0.8201927638017323,0.8953153153153153,0.9150356756756757
nn,1.48,0.8485715581353166,0.8554469417961197,0.818795469841748,0.8963063063063063,0.9120569758948138
nn,1.49,0.8662162162162164,0.8727791540690749,0.8345095557098319,0.9162162162162163,0.9274105186267348
nn,1.5,0.865986394557823,0.8726201723919542,0.8322054155325835,0.9182710107367642,0.9248056275453536
